
11-03-2025 13:36:08 [dev.gi.by][info] Start cron job. Scope: media-library
11-03-2025 13:36:08 [dev.gi.by][info] Preparing to upload a file (D:/OSPanel-6.0.0/home/dev.gi.by/public/wp-content/uploads/2020/01/raspil_1.jpg) to a remote server (server_2).
11-03-2025 13:36:09 [dev.gi.by][debug] New queue created #622, attributes values: {"server_id":null,"object_id":"1931","object_name":"","item_type":"attachment","item_hash":null,"item_hash_alternative":null,"result_status":"success","processing_level":"normal","is_backed_up":true,"original_size":44080,"final_size":44080,"original_mime_type":"image\/jpeg","final_mime_type":"image\/jpeg","extra_data":"{\"thumbnails_count\":0,\"original_main_size\":44080,\"class\":\"RIO_Attachment_Extra_Data\"}","created_at":1741689369}
11-03-2025 13:36:09 [dev.gi.by][info] Preparing to upload a file (D:/OSPanel-6.0.0/home/dev.gi.by/public/wp-content/uploads/2020/01/Astra_Snou-min.jpg) to a remote server (server_2).
11-03-2025 13:36:10 [dev.gi.by][debug] New queue created #623, attributes values: {"server_id":null,"object_id":"1935","object_name":"","item_type":"attachment","item_hash":null,"item_hash_alternative":null,"result_status":"success","processing_level":"normal","is_backed_up":true,"original_size":274468,"final_size":274468,"original_mime_type":"image\/jpeg","final_mime_type":"image\/jpeg","extra_data":"{\"thumbnails_count\":0,\"original_main_size\":274468,\"class\":\"RIO_Attachment_Extra_Data\"}","created_at":1741689370}
11-03-2025 13:36:10 [dev.gi.by][info] Preparing to upload a file (D:/OSPanel-6.0.0/home/dev.gi.by/public/wp-content/uploads/2020/01/Eri_danisa.jpg) to a remote server (server_2).
11-03-2025 13:36:11 [dev.gi.by][debug] New queue created #624, attributes values: {"server_id":null,"object_id":"1936","object_name":"","item_type":"attachment","item_hash":null,"item_hash_alternative":null,"result_status":"success","processing_level":"normal","is_backed_up":true,"original_size":173948,"final_size":173706,"original_mime_type":"image\/jpeg","final_mime_type":"image\/jpeg","extra_data":"{\"thumbnails_count\":0,\"original_main_size\":173948,\"class\":\"RIO_Attachment_Extra_Data\"}","created_at":1741689371}
11-03-2025 13:36:11 [dev.gi.by][info] End cron job. Scope: media-library
-------------------------------
11-03-2025 13:41:09 [dev.gi.by][info] Start cron job. Scope: media-library
11-03-2025 13:41:09 [dev.gi.by][info] Preparing to upload a file (D:/OSPanel-6.0.0/home/dev.gi.by/public/wp-content/uploads/2020/01/jasen_1.jpg) to a remote server (server_2).
11-03-2025 13:41:10 [dev.gi.by][debug] New queue created #625, attributes values: {"server_id":null,"object_id":"1937","object_name":"","item_type":"attachment","item_hash":null,"item_hash_alternative":null,"result_status":"success","processing_level":"normal","is_backed_up":true,"original_size":11473,"final_size":11233,"original_mime_type":"image\/jpeg","final_mime_type":"image\/jpeg","extra_data":"{\"thumbnails_count\":0,\"original_main_size\":11473,\"class\":\"RIO_Attachment_Extra_Data\"}","created_at":1741689670}
11-03-2025 13:41:10 [dev.gi.by][info] Preparing to upload a file (D:/OSPanel-6.0.0/home/dev.gi.by/public/wp-content/uploads/2020/01/listya-yasenya.jpg) to a remote server (server_2).
11-03-2025 13:41:10 [dev.gi.by][debug] New queue created #626, attributes values: {"server_id":null,"object_id":"1938","object_name":"","item_type":"attachment","item_hash":null,"item_hash_alternative":null,"result_status":"success","processing_level":"normal","is_backed_up":true,"original_size":15636,"final_size":15593,"original_mime_type":"image\/jpeg","final_mime_type":"image\/jpeg","extra_data":"{\"thumbnails_count\":0,\"original_main_size\":15636,\"class\":\"RIO_Attachment_Extra_Data\"}","created_at":1741689670}
11-03-2025 13:41:10 [dev.gi.by][info] Preparing to upload a file (D:/OSPanel-6.0.0/home/dev.gi.by/public/wp-content/uploads/2020/01/Arli_Siena-min.jpg) to a remote server (server_2).
11-03-2025 13:41:11 [dev.gi.by][debug] New queue created #627, attributes values: {"server_id":null,"object_id":"1939","object_name":"","item_type":"attachment","item_hash":null,"item_hash_alternative":null,"result_status":"success","processing_level":"normal","is_backed_up":true,"original_size":85765,"final_size":85765,"original_mime_type":"image\/jpeg","final_mime_type":"image\/jpeg","extra_data":"{\"thumbnails_count\":0,\"original_main_size\":85765,\"class\":\"RIO_Attachment_Extra_Data\"}","created_at":1741689671}
11-03-2025 13:41:11 [dev.gi.by][info] End cron job. Scope: media-library
-------------------------------
11-03-2025 13:45:10 [dev.gi.by][info] Start cron job. Scope: media-library
11-03-2025 13:45:10 [dev.gi.by][info] Preparing to upload a file (D:/OSPanel-6.0.0/home/dev.gi.by/public/wp-content/uploads/2020/01/Simona_Versal.jpg) to a remote server (server_2).
11-03-2025 13:45:11 [dev.gi.by][debug] New queue created #628, attributes values: {"server_id":null,"object_id":"1940","object_name":"","item_type":"attachment","item_hash":null,"item_hash_alternative":null,"result_status":"success","processing_level":"normal","is_backed_up":true,"original_size":150294,"final_size":150052,"original_mime_type":"image\/jpeg","final_mime_type":"image\/jpeg","extra_data":"{\"thumbnails_count\":0,\"original_main_size\":150294,\"class\":\"RIO_Attachment_Extra_Data\"}","created_at":1741689911}
11-03-2025 13:45:11 [dev.gi.by][info] Preparing to upload a file (D:/OSPanel-6.0.0/home/dev.gi.by/public/wp-content/uploads/2020/01/Astra_Avalon-min.jpg) to a remote server (server_2).
11-03-2025 13:45:11 [dev.gi.by][debug] New queue created #629, attributes values: {"server_id":null,"object_id":"1941","object_name":"","item_type":"attachment","item_hash":null,"item_hash_alternative":null,"result_status":"success","processing_level":"normal","is_backed_up":true,"original_size":114101,"final_size":114101,"original_mime_type":"image\/jpeg","final_mime_type":"image\/jpeg","extra_data":"{\"thumbnails_count\":0,\"original_main_size\":114101,\"class\":\"RIO_Attachment_Extra_Data\"}","created_at":1741689911}
11-03-2025 13:45:11 [dev.gi.by][info] Preparing to upload a file (D:/OSPanel-6.0.0/home/dev.gi.by/public/wp-content/uploads/2020/01/Estel_Mistral.jpg) to a remote server (server_2).
11-03-2025 13:45:12 [dev.gi.by][debug] New queue created #630, attributes values: {"server_id":null,"object_id":"1942","object_name":"","item_type":"attachment","item_hash":null,"item_hash_alternative":null,"result_status":"success","processing_level":"normal","is_backed_up":true,"original_size":162376,"final_size":162134,"original_mime_type":"image\/jpeg","final_mime_type":"image\/jpeg","extra_data":"{\"thumbnails_count\":0,\"original_main_size\":162376,\"class\":\"RIO_Attachment_Extra_Data\"}","created_at":1741689912}
11-03-2025 13:45:12 [dev.gi.by][info] End cron job. Scope: media-library
-------------------------------
11-03-2025 13:50:10 [dev.gi.by][info] Start cron job. Scope: media-library
11-03-2025 13:50:10 [dev.gi.by][info] Preparing to upload a file (D:/OSPanel-6.0.0/home/dev.gi.by/public/wp-content/uploads/2020/01/lesozagotovitelnyj_uchastok1.jpg) to a remote server (server_2).
11-03-2025 13:50:11 [dev.gi.by][debug] New queue created #631, attributes values: {"server_id":null,"object_id":"1943","object_name":"","item_type":"attachment","item_hash":null,"item_hash_alternative":null,"result_status":"success","processing_level":"normal","is_backed_up":true,"original_size":15268,"final_size":15268,"original_mime_type":"image\/jpeg","final_mime_type":"image\/jpeg","extra_data":"{\"thumbnails_count\":0,\"original_main_size\":15268,\"class\":\"RIO_Attachment_Extra_Data\"}","created_at":1741690211}
11-03-2025 13:50:11 [dev.gi.by][info] Preparing to upload a file (D:/OSPanel-6.0.0/home/dev.gi.by/public/wp-content/uploads/2020/01/lesozagotovitelnyj_uchastok_2.jpg) to a remote server (server_2).
11-03-2025 13:50:11 [dev.gi.by][debug] New queue created #632, attributes values: {"server_id":null,"object_id":"1944","object_name":"","item_type":"attachment","item_hash":null,"item_hash_alternative":null,"result_status":"success","processing_level":"normal","is_backed_up":true,"original_size":11215,"final_size":11215,"original_mime_type":"image\/jpeg","final_mime_type":"image\/jpeg","extra_data":"{\"thumbnails_count\":0,\"original_main_size\":11215,\"class\":\"RIO_Attachment_Extra_Data\"}","created_at":1741690211}
11-03-2025 13:50:11 [dev.gi.by][info] Preparing to upload a file (D:/OSPanel-6.0.0/home/dev.gi.by/public/wp-content/uploads/2020/01/dver.jpg) to a remote server (server_2).
11-03-2025 13:50:12 [dev.gi.by][debug] New queue created #633, attributes values: {"server_id":null,"object_id":"1945","object_name":"","item_type":"attachment","item_hash":null,"item_hash_alternative":null,"result_status":"success","processing_level":"normal","is_backed_up":true,"original_size":8165,"final_size":8165,"original_mime_type":"image\/jpeg","final_mime_type":"image\/jpeg","extra_data":"{\"thumbnails_count\":0,\"original_main_size\":8165,\"class\":\"RIO_Attachment_Extra_Data\"}","created_at":1741690212}
11-03-2025 13:50:12 [dev.gi.by][info] End cron job. Scope: media-library
-------------------------------
11-03-2025 13:55:46 [dev.gi.by][info] Start cron job. Scope: media-library
11-03-2025 13:55:46 [dev.gi.by][info] Preparing to upload a file (D:/OSPanel-6.0.0/home/dev.gi.by/public/wp-content/uploads/2020/01/300x187-DSC06124.1f1.jpg) to a remote server (server_2).
11-03-2025 13:55:47 [dev.gi.by][debug] New queue created #634, attributes values: {"server_id":null,"object_id":"1946","object_name":"","item_type":"attachment","item_hash":null,"item_hash_alternative":null,"result_status":"success","processing_level":"normal","is_backed_up":true,"original_size":10288,"final_size":10288,"original_mime_type":"image\/jpeg","final_mime_type":"image\/jpeg","extra_data":"{\"thumbnails_count\":0,\"original_main_size\":10288,\"class\":\"RIO_Attachment_Extra_Data\"}","created_at":1741690547}
11-03-2025 13:55:47 [dev.gi.by][info] Preparing to upload a file (D:/OSPanel-6.0.0/home/dev.gi.by/public/wp-content/uploads/2020/01/930x550-Astra_snou_1.5f2-1.jpg) to a remote server (server_2).
11-03-2025 13:55:48 [dev.gi.by][debug] New queue created #635, attributes values: {"server_id":null,"object_id":"1949","object_name":"","item_type":"attachment","item_hash":null,"item_hash_alternative":null,"result_status":"success","processing_level":"normal","is_backed_up":true,"original_size":64337,"final_size":64337,"original_mime_type":"image\/jpeg","final_mime_type":"image\/jpeg","extra_data":"{\"thumbnails_count\":0,\"original_main_size\":64337,\"class\":\"RIO_Attachment_Extra_Data\"}","created_at":1741690548}
11-03-2025 13:55:48 [dev.gi.by][info] Preparing to upload a file (D:/OSPanel-6.0.0/home/dev.gi.by/public/wp-content/uploads/2020/01/p-obraznaya_kuhnya_2.jpg) to a remote server (server_2).
11-03-2025 13:55:49 [dev.gi.by][debug] New queue created #636, attributes values: {"server_id":null,"object_id":"1952","object_name":"","item_type":"attachment","item_hash":null,"item_hash_alternative":null,"result_status":"success","processing_level":"normal","is_backed_up":true,"original_size":16272,"final_size":16272,"original_mime_type":"image\/jpeg","final_mime_type":"image\/jpeg","extra_data":"{\"thumbnails_count\":0,\"original_main_size\":16272,\"class\":\"RIO_Attachment_Extra_Data\"}","created_at":1741690549}
11-03-2025 13:55:49 [dev.gi.by][info] End cron job. Scope: media-library
-------------------------------
11-03-2025 14:00:37 [dev.gi.by][info] Start cron job. Scope: media-library
11-03-2025 14:00:37 [dev.gi.by][info] Preparing to upload a file (D:/OSPanel-6.0.0/home/dev.gi.by/public/wp-content/uploads/2020/01/arli_1-min.jpg) to a remote server (server_2).
11-03-2025 14:00:38 [dev.gi.by][debug] New queue created #637, attributes values: {"server_id":null,"object_id":"1953","object_name":"","item_type":"attachment","item_hash":null,"item_hash_alternative":null,"result_status":"success","processing_level":"normal","is_backed_up":true,"original_size":66237,"final_size":66237,"original_mime_type":"image\/jpeg","final_mime_type":"image\/jpeg","extra_data":"{\"thumbnails_count\":0,\"original_main_size\":66237,\"class\":\"RIO_Attachment_Extra_Data\"}","created_at":1741690838}
11-03-2025 14:00:38 [dev.gi.by][info] Preparing to upload a file (D:/OSPanel-6.0.0/home/dev.gi.by/public/wp-content/uploads/2020/01/0eefd60b789f32d79d8cd1cad5b6899e.jpg) to a remote server (server_2).
11-03-2025 14:00:38 [dev.gi.by][debug] New queue created #638, attributes values: {"server_id":null,"object_id":"1954","object_name":"","item_type":"attachment","item_hash":null,"item_hash_alternative":null,"result_status":"success","processing_level":"normal","is_backed_up":true,"original_size":60787,"final_size":60787,"original_mime_type":"image\/jpeg","final_mime_type":"image\/jpeg","extra_data":"{\"thumbnails_count\":0,\"original_main_size\":60787,\"class\":\"RIO_Attachment_Extra_Data\"}","created_at":1741690838}
11-03-2025 14:00:38 [dev.gi.by][info] Preparing to upload a file (D:/OSPanel-6.0.0/home/dev.gi.by/public/wp-content/uploads/2020/01/uglovaya_kuhnya_2.jpg) to a remote server (server_2).
11-03-2025 14:00:39 [dev.gi.by][debug] New queue created #639, attributes values: {"server_id":null,"object_id":"1957","object_name":"","item_type":"attachment","item_hash":null,"item_hash_alternative":null,"result_status":"success","processing_level":"normal","is_backed_up":true,"original_size":11371,"final_size":11371,"original_mime_type":"image\/jpeg","final_mime_type":"image\/jpeg","extra_data":"{\"thumbnails_count\":0,\"original_main_size\":11371,\"class\":\"RIO_Attachment_Extra_Data\"}","created_at":1741690839}
11-03-2025 14:00:39 [dev.gi.by][info] End cron job. Scope: media-library
-------------------------------
11-03-2025 14:06:26 [dev.gi.by][info] Start cron job. Scope: media-library
11-03-2025 14:06:26 [dev.gi.by][info] Preparing to upload a file (D:/OSPanel-6.0.0/home/dev.gi.by/public/wp-content/uploads/2020/01/Estel_mistral1.jpg) to a remote server (server_2).
11-03-2025 14:06:27 [dev.gi.by][debug] New queue created #640, attributes values: {"server_id":null,"object_id":"1958","object_name":"","item_type":"attachment","item_hash":null,"item_hash_alternative":null,"result_status":"success","processing_level":"normal","is_backed_up":true,"original_size":107960,"final_size":107960,"original_mime_type":"image\/jpeg","final_mime_type":"image\/jpeg","extra_data":"{\"thumbnails_count\":0,\"original_main_size\":107960,\"class\":\"RIO_Attachment_Extra_Data\"}","created_at":1741691187}
11-03-2025 14:06:27 [dev.gi.by][info] Preparing to upload a file (D:/OSPanel-6.0.0/home/dev.gi.by/public/wp-content/uploads/2020/01/af4e40b22cce0542d9d77e5988f9cce3.jpg) to a remote server (server_2).
11-03-2025 14:06:28 [dev.gi.by][debug] New queue created #641, attributes values: {"server_id":null,"object_id":"1959","object_name":"","item_type":"attachment","item_hash":null,"item_hash_alternative":null,"result_status":"success","processing_level":"normal","is_backed_up":true,"original_size":74085,"final_size":74085,"original_mime_type":"image\/jpeg","final_mime_type":"image\/jpeg","extra_data":"{\"thumbnails_count\":0,\"original_main_size\":74085,\"class\":\"RIO_Attachment_Extra_Data\"}","created_at":1741691188}
11-03-2025 14:06:28 [dev.gi.by][info] Preparing to upload a file (D:/OSPanel-6.0.0/home/dev.gi.by/public/wp-content/uploads/2020/01/linejnaya_kuhnya_3.jpg) to a remote server (server_2).
11-03-2025 14:06:28 [dev.gi.by][debug] New queue created #642, attributes values: {"server_id":null,"object_id":"1962","object_name":"","item_type":"attachment","item_hash":null,"item_hash_alternative":null,"result_status":"success","processing_level":"normal","is_backed_up":true,"original_size":83441,"final_size":83441,"original_mime_type":"image\/jpeg","final_mime_type":"image\/jpeg","extra_data":"{\"thumbnails_count\":0,\"original_main_size\":83441,\"class\":\"RIO_Attachment_Extra_Data\"}","created_at":1741691188}
11-03-2025 14:06:29 [dev.gi.by][info] End cron job. Scope: media-library
-------------------------------
11-03-2025 14:11:27 [dev.gi.by][info] Start cron job. Scope: media-library
11-03-2025 14:11:27 [dev.gi.by][info] Preparing to upload a file (D:/OSPanel-6.0.0/home/dev.gi.by/public/wp-content/uploads/2020/01/Natali_siena_anfas.jpg) to a remote server (server_2).
11-03-2025 14:11:29 [dev.gi.by][debug] New queue created #643, attributes values: {"server_id":null,"object_id":"1963","object_name":"","item_type":"attachment","item_hash":null,"item_hash_alternative":null,"result_status":"success","processing_level":"normal","is_backed_up":true,"original_size":102871,"final_size":102629,"original_mime_type":"image\/jpeg","final_mime_type":"image\/jpeg","extra_data":"{\"thumbnails_count\":0,\"original_main_size\":102871,\"class\":\"RIO_Attachment_Extra_Data\"}","created_at":1741691489}
11-03-2025 14:11:29 [dev.gi.by][info] Preparing to upload a file (D:/OSPanel-6.0.0/home/dev.gi.by/public/wp-content/uploads/2020/01/Simona_valensia_2_3.jpg) to a remote server (server_2).
11-03-2025 14:11:29 [dev.gi.by][debug] New queue created #644, attributes values: {"server_id":null,"object_id":"1964","object_name":"","item_type":"attachment","item_hash":null,"item_hash_alternative":null,"result_status":"success","processing_level":"normal","is_backed_up":true,"original_size":70186,"final_size":70186,"original_mime_type":"image\/jpeg","final_mime_type":"image\/jpeg","extra_data":"{\"thumbnails_count\":0,\"original_main_size\":70186,\"class\":\"RIO_Attachment_Extra_Data\"}","created_at":1741691489}
11-03-2025 14:11:29 [dev.gi.by][info] Preparing to upload a file (D:/OSPanel-6.0.0/home/dev.gi.by/public/wp-content/uploads/2020/01/c4_post_7.jpg) to a remote server (server_2).
11-03-2025 14:11:30 [dev.gi.by][debug] New queue created #645, attributes values: {"server_id":null,"object_id":"1967","object_name":"","item_type":"attachment","item_hash":null,"item_hash_alternative":null,"result_status":"success","processing_level":"normal","is_backed_up":true,"original_size":81422,"final_size":81182,"original_mime_type":"image\/jpeg","final_mime_type":"image\/jpeg","extra_data":"{\"thumbnails_count\":0,\"original_main_size\":81422,\"class\":\"RIO_Attachment_Extra_Data\"}","created_at":1741691490}
11-03-2025 14:11:30 [dev.gi.by][info] End cron job. Scope: media-library
-------------------------------
11-03-2025 14:15:41 [dev.gi.by][info] Start cron job. Scope: media-library
11-03-2025 14:15:41 [dev.gi.by][info] Preparing to upload a file (D:/OSPanel-6.0.0/home/dev.gi.by/public/wp-content/uploads/2020/01/fenix2.jpg) to a remote server (server_2).
11-03-2025 14:15:41 [dev.gi.by][debug] New queue created #646, attributes values: {"server_id":null,"object_id":"1968","object_name":"","item_type":"attachment","item_hash":null,"item_hash_alternative":null,"result_status":"success","processing_level":"normal","is_backed_up":true,"original_size":36436,"final_size":36196,"original_mime_type":"image\/jpeg","final_mime_type":"image\/jpeg","extra_data":"{\"thumbnails_count\":0,\"original_main_size\":36436,\"class\":\"RIO_Attachment_Extra_Data\"}","created_at":1741691741}
11-03-2025 14:15:41 [dev.gi.by][info] Preparing to upload a file (D:/OSPanel-6.0.0/home/dev.gi.by/public/wp-content/uploads/2020/01/fenix_poverhnosc_sravnenie.jpg) to a remote server (server_2).
11-03-2025 14:15:42 [dev.gi.by][debug] New queue created #647, attributes values: {"server_id":null,"object_id":"1969","object_name":"","item_type":"attachment","item_hash":null,"item_hash_alternative":null,"result_status":"success","processing_level":"normal","is_backed_up":true,"original_size":45433,"final_size":45193,"original_mime_type":"image\/jpeg","final_mime_type":"image\/jpeg","extra_data":"{\"thumbnails_count\":0,\"original_main_size\":45433,\"class\":\"RIO_Attachment_Extra_Data\"}","created_at":1741691742}
11-03-2025 14:15:42 [dev.gi.by][info] Preparing to upload a file (D:/OSPanel-6.0.0/home/dev.gi.by/public/wp-content/uploads/2020/01/gfenix.jpg) to a remote server (server_2).
11-03-2025 14:15:43 [dev.gi.by][debug] New queue created #648, attributes values: {"server_id":null,"object_id":"1970","object_name":"","item_type":"attachment","item_hash":null,"item_hash_alternative":null,"result_status":"success","processing_level":"normal","is_backed_up":true,"original_size":14717,"final_size":14717,"original_mime_type":"image\/jpeg","final_mime_type":"image\/jpeg","extra_data":"{\"thumbnails_count\":0,\"original_main_size\":14717,\"class\":\"RIO_Attachment_Extra_Data\"}","created_at":1741691743}
11-03-2025 14:15:43 [dev.gi.by][info] End cron job. Scope: media-library
-------------------------------
11-03-2025 14:22:01 [dev.gi.by][info] Start cron job. Scope: media-library
11-03-2025 14:22:01 [dev.gi.by][info] Preparing to upload a file (D:/OSPanel-6.0.0/home/dev.gi.by/public/wp-content/uploads/2020/01/fenix_poverhnosc.jpg) to a remote server (server_2).
11-03-2025 14:22:01 [dev.gi.by][debug] New queue created #649, attributes values: {"server_id":null,"object_id":"1971","object_name":"","item_type":"attachment","item_hash":null,"item_hash_alternative":null,"result_status":"success","processing_level":"normal","is_backed_up":true,"original_size":51489,"final_size":51249,"original_mime_type":"image\/jpeg","final_mime_type":"image\/jpeg","extra_data":"{\"thumbnails_count\":0,\"original_main_size\":51489,\"class\":\"RIO_Attachment_Extra_Data\"}","created_at":1741692121}
11-03-2025 14:22:01 [dev.gi.by][info] Preparing to upload a file (D:/OSPanel-6.0.0/home/dev.gi.by/public/wp-content/uploads/2020/01/csm_Tafel_f750188ce9.jpg) to a remote server (server_2).
11-03-2025 14:22:02 [dev.gi.by][debug] New queue created #650, attributes values: {"server_id":null,"object_id":"1972","object_name":"","item_type":"attachment","item_hash":null,"item_hash_alternative":null,"result_status":"success","processing_level":"normal","is_backed_up":true,"original_size":13511,"final_size":13511,"original_mime_type":"image\/jpeg","final_mime_type":"image\/jpeg","extra_data":"{\"thumbnails_count\":0,\"original_main_size\":13511,\"class\":\"RIO_Attachment_Extra_Data\"}","created_at":1741692122}
11-03-2025 14:22:02 [dev.gi.by][info] Preparing to upload a file (D:/OSPanel-6.0.0/home/dev.gi.by/public/wp-content/uploads/2020/01/01-arli.jpg) to a remote server (server_2).
11-03-2025 14:22:02 [dev.gi.by][debug] New queue created #651, attributes values: {"server_id":null,"object_id":"1977","object_name":"","item_type":"attachment","item_hash":null,"item_hash_alternative":null,"result_status":"success","processing_level":"normal","is_backed_up":true,"original_size":49905,"final_size":49905,"original_mime_type":"image\/jpeg","final_mime_type":"image\/jpeg","extra_data":"{\"thumbnails_count\":0,\"original_main_size\":49905,\"class\":\"RIO_Attachment_Extra_Data\"}","created_at":1741692122}
11-03-2025 14:22:03 [dev.gi.by][info] End cron job. Scope: media-library
-------------------------------
11-03-2025 14:27:02 [dev.gi.by][info] Start cron job. Scope: media-library
11-03-2025 14:27:02 [dev.gi.by][info] Preparing to upload a file (D:/OSPanel-6.0.0/home/dev.gi.by/public/wp-content/uploads/2020/01/01-arli-1.jpg) to a remote server (server_2).
11-03-2025 14:27:03 [dev.gi.by][debug] New queue created #652, attributes values: {"server_id":null,"object_id":"1978","object_name":"","item_type":"attachment","item_hash":null,"item_hash_alternative":null,"result_status":"success","processing_level":"normal","is_backed_up":true,"original_size":49905,"final_size":49905,"original_mime_type":"image\/jpeg","final_mime_type":"image\/jpeg","extra_data":"{\"thumbnails_count\":0,\"original_main_size\":49905,\"class\":\"RIO_Attachment_Extra_Data\"}","created_at":1741692423}
11-03-2025 14:27:03 [dev.gi.by][info] Preparing to upload a file (D:/OSPanel-6.0.0/home/dev.gi.by/public/wp-content/uploads/2020/01/af4e40b22cce0542d9d77e5988f9cce3-1.jpg) to a remote server (server_2).
11-03-2025 14:27:03 [dev.gi.by][debug] New queue created #653, attributes values: {"server_id":null,"object_id":"1981","object_name":"","item_type":"attachment","item_hash":null,"item_hash_alternative":null,"result_status":"success","processing_level":"normal","is_backed_up":true,"original_size":74085,"final_size":74085,"original_mime_type":"image\/jpeg","final_mime_type":"image\/jpeg","extra_data":"{\"thumbnails_count\":0,\"original_main_size\":74085,\"class\":\"RIO_Attachment_Extra_Data\"}","created_at":1741692423}
11-03-2025 14:27:03 [dev.gi.by][info] Try to create backup directory. Backup dir: (D:/OSPanel-6.0.0/home/dev.gi.by/public/wp-content/uploads/wio_backup/2020/02)
11-03-2025 14:27:03 [dev.gi.by][info] Preparing to upload a file (D:/OSPanel-6.0.0/home/dev.gi.by/public/wp-content/uploads/2020/02/Блюм-1920х1080-пикселей-min.jpg) to a remote server (server_2).
11-03-2025 14:27:04 [dev.gi.by][debug] New queue created #654, attributes values: {"server_id":null,"object_id":"1986","object_name":"","item_type":"attachment","item_hash":null,"item_hash_alternative":null,"result_status":"success","processing_level":"normal","is_backed_up":true,"original_size":164499,"final_size":164499,"original_mime_type":"image\/jpeg","final_mime_type":"image\/jpeg","extra_data":"{\"thumbnails_count\":0,\"original_main_size\":164499,\"class\":\"RIO_Attachment_Extra_Data\"}","created_at":1741692424}
11-03-2025 14:27:04 [dev.gi.by][info] End cron job. Scope: media-library
-------------------------------
11-03-2025 14:31:02 [dev.gi.by][info] Start cron job. Scope: media-library
11-03-2025 14:31:02 [dev.gi.by][info] Preparing to upload a file (D:/OSPanel-6.0.0/home/dev.gi.by/public/wp-content/uploads/2020/02/Вудбокс-1920х1080-пикселей-min.jpg) to a remote server (server_2).
11-03-2025 14:31:03 [dev.gi.by][debug] New queue created #655, attributes values: {"server_id":null,"object_id":"1987","object_name":"","item_type":"attachment","item_hash":null,"item_hash_alternative":null,"result_status":"success","processing_level":"normal","is_backed_up":true,"original_size":101509,"final_size":101509,"original_mime_type":"image\/jpeg","final_mime_type":"image\/jpeg","extra_data":"{\"thumbnails_count\":0,\"original_main_size\":101509,\"class\":\"RIO_Attachment_Extra_Data\"}","created_at":1741692663}
11-03-2025 14:31:03 [dev.gi.by][info] Preparing to upload a file (D:/OSPanel-6.0.0/home/dev.gi.by/public/wp-content/uploads/2020/02/Крафт-1920х1080-пикселей-min.jpg) to a remote server (server_2).
11-03-2025 14:31:04 [dev.gi.by][debug] New queue created #656, attributes values: {"server_id":null,"object_id":"1988","object_name":"","item_type":"attachment","item_hash":null,"item_hash_alternative":null,"result_status":"success","processing_level":"normal","is_backed_up":true,"original_size":190911,"final_size":187188,"original_mime_type":"image\/jpeg","final_mime_type":"image\/jpeg","extra_data":"{\"thumbnails_count\":0,\"original_main_size\":190911,\"class\":\"RIO_Attachment_Extra_Data\"}","created_at":1741692664}
11-03-2025 14:31:04 [dev.gi.by][info] Preparing to upload a file (D:/OSPanel-6.0.0/home/dev.gi.by/public/wp-content/uploads/2020/02/Подарки-1300х652-пикселей-min.jpg) to a remote server (server_2).
11-03-2025 14:31:05 [dev.gi.by][debug] New queue created #657, attributes values: {"server_id":null,"object_id":"1989","object_name":"","item_type":"attachment","item_hash":null,"item_hash_alternative":null,"result_status":"success","processing_level":"normal","is_backed_up":true,"original_size":81552,"final_size":81552,"original_mime_type":"image\/jpeg","final_mime_type":"image\/jpeg","extra_data":"{\"thumbnails_count\":0,\"original_main_size\":81552,\"class\":\"RIO_Attachment_Extra_Data\"}","created_at":1741692665}
11-03-2025 14:31:05 [dev.gi.by][info] End cron job. Scope: media-library
-------------------------------
11-03-2025 14:38:12 [dev.gi.by][info] Start cron job. Scope: media-library
11-03-2025 14:38:12 [dev.gi.by][info] Preparing to upload a file (D:/OSPanel-6.0.0/home/dev.gi.by/public/wp-content/uploads/2020/02/0001.jpg) to a remote server (server_2).
11-03-2025 14:38:14 [dev.gi.by][debug] New queue created #658, attributes values: {"server_id":null,"object_id":"1990","object_name":"","item_type":"attachment","item_hash":null,"item_hash_alternative":null,"result_status":"success","processing_level":"normal","is_backed_up":true,"original_size":452380,"final_size":422916,"original_mime_type":"image\/jpeg","final_mime_type":"image\/jpeg","extra_data":"{\"thumbnails_count\":0,\"original_main_size\":452380,\"class\":\"RIO_Attachment_Extra_Data\"}","created_at":1741693094}
11-03-2025 14:38:14 [dev.gi.by][info] Preparing to upload a file (D:/OSPanel-6.0.0/home/dev.gi.by/public/wp-content/uploads/2020/02/1920х1080-min.jpg) to a remote server (server_2).
11-03-2025 14:38:15 [dev.gi.by][debug] New queue created #659, attributes values: {"server_id":null,"object_id":"1991","object_name":"","item_type":"attachment","item_hash":null,"item_hash_alternative":null,"result_status":"success","processing_level":"normal","is_backed_up":true,"original_size":247608,"final_size":224899,"original_mime_type":"image\/jpeg","final_mime_type":"image\/jpeg","extra_data":"{\"thumbnails_count\":0,\"original_main_size\":247608,\"class\":\"RIO_Attachment_Extra_Data\"}","created_at":1741693095}
11-03-2025 14:38:15 [dev.gi.by][info] Preparing to upload a file (D:/OSPanel-6.0.0/home/dev.gi.by/public/wp-content/uploads/2020/02/Блюм-1920х1080-пикселей-min-1.jpg) to a remote server (server_2).
11-03-2025 14:38:16 [dev.gi.by][debug] New queue created #660, attributes values: {"server_id":null,"object_id":"1995","object_name":"","item_type":"attachment","item_hash":null,"item_hash_alternative":null,"result_status":"success","processing_level":"normal","is_backed_up":true,"original_size":164499,"final_size":164499,"original_mime_type":"image\/jpeg","final_mime_type":"image\/jpeg","extra_data":"{\"thumbnails_count\":0,\"original_main_size\":164499,\"class\":\"RIO_Attachment_Extra_Data\"}","created_at":1741693096}
11-03-2025 14:38:16 [dev.gi.by][info] End cron job. Scope: media-library
-------------------------------
11-03-2025 14:41:01 [dev.gi.by][info] Start cron job. Scope: media-library
11-03-2025 14:41:02 [dev.gi.by][info] Preparing to upload a file (D:/OSPanel-6.0.0/home/dev.gi.by/public/wp-content/uploads/2020/02/Вудбокс-1920х1080-пикселей-min-1.jpg) to a remote server (server_2).
11-03-2025 14:41:03 [dev.gi.by][debug] New queue created #661, attributes values: {"server_id":null,"object_id":"1996","object_name":"","item_type":"attachment","item_hash":null,"item_hash_alternative":null,"result_status":"success","processing_level":"normal","is_backed_up":true,"original_size":101509,"final_size":101509,"original_mime_type":"image\/jpeg","final_mime_type":"image\/jpeg","extra_data":"{\"thumbnails_count\":0,\"original_main_size\":101509,\"class\":\"RIO_Attachment_Extra_Data\"}","created_at":1741693263}
11-03-2025 14:41:03 [dev.gi.by][info] Preparing to upload a file (D:/OSPanel-6.0.0/home/dev.gi.by/public/wp-content/uploads/2020/02/Крафт-1920х1080-пикселей-min-1.jpg) to a remote server (server_2).
11-03-2025 14:41:04 [dev.gi.by][debug] New queue created #662, attributes values: {"server_id":null,"object_id":"1997","object_name":"","item_type":"attachment","item_hash":null,"item_hash_alternative":null,"result_status":"success","processing_level":"normal","is_backed_up":true,"original_size":190911,"final_size":187188,"original_mime_type":"image\/jpeg","final_mime_type":"image\/jpeg","extra_data":"{\"thumbnails_count\":0,\"original_main_size\":190911,\"class\":\"RIO_Attachment_Extra_Data\"}","created_at":1741693264}
11-03-2025 14:41:04 [dev.gi.by][info] Preparing to upload a file (D:/OSPanel-6.0.0/home/dev.gi.by/public/wp-content/uploads/2020/02/notepad-2575600_960_720.jpg) to a remote server (server_2).
11-03-2025 14:41:04 [dev.gi.by][debug] New queue created #663, attributes values: {"server_id":null,"object_id":"2047","object_name":"","item_type":"attachment","item_hash":null,"item_hash_alternative":null,"result_status":"success","processing_level":"normal","is_backed_up":true,"original_size":28388,"final_size":28388,"original_mime_type":"image\/jpeg","final_mime_type":"image\/jpeg","extra_data":"{\"thumbnails_count\":0,\"original_main_size\":28388,\"class\":\"RIO_Attachment_Extra_Data\"}","created_at":1741693264}
11-03-2025 14:41:04 [dev.gi.by][info] End cron job. Scope: media-library
-------------------------------
11-03-2025 14:45:53 [dev.gi.by][info] Start cron job. Scope: media-library
11-03-2025 14:45:53 [dev.gi.by][info] Preparing to upload a file (D:/OSPanel-6.0.0/home/dev.gi.by/public/wp-content/uploads/2020/02/classic.jpg) to a remote server (server_2).
11-03-2025 14:45:54 [dev.gi.by][debug] New queue created #664, attributes values: {"server_id":null,"object_id":"2082","object_name":"","item_type":"attachment","item_hash":null,"item_hash_alternative":null,"result_status":"success","processing_level":"normal","is_backed_up":true,"original_size":53123,"final_size":53123,"original_mime_type":"image\/jpeg","final_mime_type":"image\/jpeg","extra_data":"{\"thumbnails_count\":0,\"original_main_size\":53123,\"class\":\"RIO_Attachment_Extra_Data\"}","created_at":1741693554}
11-03-2025 14:45:54 [dev.gi.by][info] Preparing to upload a file (D:/OSPanel-6.0.0/home/dev.gi.by/public/wp-content/uploads/2020/02/modern.jpg) to a remote server (server_2).
11-03-2025 14:45:55 [dev.gi.by][debug] New queue created #665, attributes values: {"server_id":null,"object_id":"2084","object_name":"","item_type":"attachment","item_hash":null,"item_hash_alternative":null,"result_status":"success","processing_level":"normal","is_backed_up":true,"original_size":40513,"final_size":40513,"original_mime_type":"image\/jpeg","final_mime_type":"image\/jpeg","extra_data":"{\"thumbnails_count\":0,\"original_main_size\":40513,\"class\":\"RIO_Attachment_Extra_Data\"}","created_at":1741693555}
11-03-2025 14:45:55 [dev.gi.by][info] Preparing to upload a file (D:/OSPanel-6.0.0/home/dev.gi.by/public/wp-content/uploads/2020/02/dispensa-khrom.jpg) to a remote server (server_2).
11-03-2025 14:45:55 [dev.gi.by][debug] New queue created #666, attributes values: {"server_id":null,"object_id":"2087","object_name":"","item_type":"attachment","item_hash":null,"item_hash_alternative":null,"result_status":"success","processing_level":"normal","is_backed_up":true,"original_size":27046,"final_size":27046,"original_mime_type":"image\/jpeg","final_mime_type":"image\/jpeg","extra_data":"{\"thumbnails_count\":0,\"original_main_size\":27046,\"class\":\"RIO_Attachment_Extra_Data\"}","created_at":1741693555}
11-03-2025 14:45:55 [dev.gi.by][info] End cron job. Scope: media-library
-------------------------------
11-03-2025 14:52:06 [dev.gi.by][info] Start cron job. Scope: media-library
11-03-2025 14:52:06 [dev.gi.by][info] Preparing to upload a file (D:/OSPanel-6.0.0/home/dev.gi.by/public/wp-content/uploads/2020/02/dispensa-khrom-1.jpg) to a remote server (server_2).
11-03-2025 14:52:06 [dev.gi.by][debug] New queue created #667, attributes values: {"server_id":null,"object_id":"2088","object_name":"","item_type":"attachment","item_hash":null,"item_hash_alternative":null,"result_status":"success","processing_level":"normal","is_backed_up":true,"original_size":26853,"final_size":26853,"original_mime_type":"image\/jpeg","final_mime_type":"image\/jpeg","extra_data":"{\"thumbnails_count\":0,\"original_main_size\":26853,\"class\":\"RIO_Attachment_Extra_Data\"}","created_at":1741693926}
11-03-2025 14:52:06 [dev.gi.by][info] Preparing to upload a file (D:/OSPanel-6.0.0/home/dev.gi.by/public/wp-content/uploads/2020/02/dispensa-khrom-2.jpg) to a remote server (server_2).
11-03-2025 14:52:07 [dev.gi.by][debug] New queue created #668, attributes values: {"server_id":null,"object_id":"2090","object_name":"","item_type":"attachment","item_hash":null,"item_hash_alternative":null,"result_status":"success","processing_level":"normal","is_backed_up":true,"original_size":26853,"final_size":26853,"original_mime_type":"image\/jpeg","final_mime_type":"image\/jpeg","extra_data":"{\"thumbnails_count\":0,\"original_main_size\":26853,\"class\":\"RIO_Attachment_Extra_Data\"}","created_at":1741693927}
11-03-2025 14:52:07 [dev.gi.by][info] Preparing to upload a file (D:/OSPanel-6.0.0/home/dev.gi.by/public/wp-content/uploads/2020/02/Каменногорская_28_001-min.jpg) to a remote server (server_2).
11-03-2025 14:52:08 [dev.gi.by][debug] New queue created #669, attributes values: {"server_id":null,"object_id":"2172","object_name":"","item_type":"attachment","item_hash":null,"item_hash_alternative":null,"result_status":"success","processing_level":"normal","is_backed_up":true,"original_size":490654,"final_size":220291,"original_mime_type":"image\/jpeg","final_mime_type":"image\/jpeg","extra_data":"{\"thumbnails_count\":0,\"original_main_size\":490654,\"class\":\"RIO_Attachment_Extra_Data\"}","created_at":1741693928}
11-03-2025 14:52:08 [dev.gi.by][info] End cron job. Scope: media-library
-------------------------------
11-03-2025 14:56:07 [dev.gi.by][info] Start cron job. Scope: media-library
11-03-2025 14:56:07 [dev.gi.by][info] Preparing to upload a file (D:/OSPanel-6.0.0/home/dev.gi.by/public/wp-content/uploads/2020/02/Каменногорская_28_002-min.jpg) to a remote server (server_2).
11-03-2025 14:56:08 [dev.gi.by][debug] New queue created #670, attributes values: {"server_id":null,"object_id":"2173","object_name":"","item_type":"attachment","item_hash":null,"item_hash_alternative":null,"result_status":"success","processing_level":"normal","is_backed_up":true,"original_size":216054,"final_size":203411,"original_mime_type":"image\/jpeg","final_mime_type":"image\/jpeg","extra_data":"{\"thumbnails_count\":0,\"original_main_size\":216054,\"class\":\"RIO_Attachment_Extra_Data\"}","created_at":1741694168}
11-03-2025 14:56:09 [dev.gi.by][info] Preparing to upload a file (D:/OSPanel-6.0.0/home/dev.gi.by/public/wp-content/uploads/2020/02/Каменногорская_28_003-min.jpg) to a remote server (server_2).
11-03-2025 14:56:10 [dev.gi.by][debug] New queue created #671, attributes values: {"server_id":null,"object_id":"2174","object_name":"","item_type":"attachment","item_hash":null,"item_hash_alternative":null,"result_status":"success","processing_level":"normal","is_backed_up":true,"original_size":200279,"final_size":187538,"original_mime_type":"image\/jpeg","final_mime_type":"image\/jpeg","extra_data":"{\"thumbnails_count\":0,\"original_main_size\":200279,\"class\":\"RIO_Attachment_Extra_Data\"}","created_at":1741694170}
11-03-2025 14:56:10 [dev.gi.by][info] Preparing to upload a file (D:/OSPanel-6.0.0/home/dev.gi.by/public/wp-content/uploads/2020/02/Каменногорская_28_004-min.jpg) to a remote server (server_2).
11-03-2025 14:56:11 [dev.gi.by][debug] New queue created #672, attributes values: {"server_id":null,"object_id":"2175","object_name":"","item_type":"attachment","item_hash":null,"item_hash_alternative":null,"result_status":"success","processing_level":"normal","is_backed_up":true,"original_size":206402,"final_size":190150,"original_mime_type":"image\/jpeg","final_mime_type":"image\/jpeg","extra_data":"{\"thumbnails_count\":0,\"original_main_size\":206402,\"class\":\"RIO_Attachment_Extra_Data\"}","created_at":1741694171}
11-03-2025 14:56:11 [dev.gi.by][info] End cron job. Scope: media-library
-------------------------------
11-03-2025 15:00:13 [dev.gi.by][info] Start cron job. Scope: media-library
11-03-2025 15:00:13 [dev.gi.by][info] Preparing to upload a file (D:/OSPanel-6.0.0/home/dev.gi.by/public/wp-content/uploads/2020/02/Каменногорская_28_008-min.jpg) to a remote server (server_2).
11-03-2025 15:00:14 [dev.gi.by][debug] New queue created #673, attributes values: {"server_id":null,"object_id":"2176","object_name":"","item_type":"attachment","item_hash":null,"item_hash_alternative":null,"result_status":"success","processing_level":"normal","is_backed_up":true,"original_size":228596,"final_size":215301,"original_mime_type":"image\/jpeg","final_mime_type":"image\/jpeg","extra_data":"{\"thumbnails_count\":0,\"original_main_size\":228596,\"class\":\"RIO_Attachment_Extra_Data\"}","created_at":1741694414}
11-03-2025 15:00:14 [dev.gi.by][info] Preparing to upload a file (D:/OSPanel-6.0.0/home/dev.gi.by/public/wp-content/uploads/2020/02/Каменногорская_28_015-min.jpg) to a remote server (server_2).
11-03-2025 15:00:15 [dev.gi.by][debug] New queue created #674, attributes values: {"server_id":null,"object_id":"2177","object_name":"","item_type":"attachment","item_hash":null,"item_hash_alternative":null,"result_status":"success","processing_level":"normal","is_backed_up":true,"original_size":220190,"final_size":205982,"original_mime_type":"image\/jpeg","final_mime_type":"image\/jpeg","extra_data":"{\"thumbnails_count\":0,\"original_main_size\":220190,\"class\":\"RIO_Attachment_Extra_Data\"}","created_at":1741694415}
11-03-2025 15:00:16 [dev.gi.by][info] Preparing to upload a file (D:/OSPanel-6.0.0/home/dev.gi.by/public/wp-content/uploads/2020/02/Каменногорская_28_016-min.jpg) to a remote server (server_2).
11-03-2025 15:00:16 [dev.gi.by][debug] New queue created #675, attributes values: {"server_id":null,"object_id":"2178","object_name":"","item_type":"attachment","item_hash":null,"item_hash_alternative":null,"result_status":"success","processing_level":"normal","is_backed_up":true,"original_size":130094,"final_size":130094,"original_mime_type":"image\/jpeg","final_mime_type":"image\/jpeg","extra_data":"{\"thumbnails_count\":0,\"original_main_size\":130094,\"class\":\"RIO_Attachment_Extra_Data\"}","created_at":1741694416}
11-03-2025 15:00:16 [dev.gi.by][info] End cron job. Scope: media-library
-------------------------------
11-03-2025 15:05:13 [dev.gi.by][info] Start cron job. Scope: media-library
11-03-2025 15:05:14 [dev.gi.by][info] Preparing to upload a file (D:/OSPanel-6.0.0/home/dev.gi.by/public/wp-content/uploads/2020/02/Каменногорская_28_018-min.jpg) to a remote server (server_2).
11-03-2025 15:05:15 [dev.gi.by][debug] New queue created #676, attributes values: {"server_id":null,"object_id":"2179","object_name":"","item_type":"attachment","item_hash":null,"item_hash_alternative":null,"result_status":"success","processing_level":"normal","is_backed_up":true,"original_size":78577,"final_size":78577,"original_mime_type":"image\/jpeg","final_mime_type":"image\/jpeg","extra_data":"{\"thumbnails_count\":0,\"original_main_size\":78577,\"class\":\"RIO_Attachment_Extra_Data\"}","created_at":1741694715}
11-03-2025 15:05:15 [dev.gi.by][info] Preparing to upload a file (D:/OSPanel-6.0.0/home/dev.gi.by/public/wp-content/uploads/2020/02/Каменногорская_28_019-min.jpg) to a remote server (server_2).
11-03-2025 15:05:16 [dev.gi.by][debug] New queue created #677, attributes values: {"server_id":null,"object_id":"2180","object_name":"","item_type":"attachment","item_hash":null,"item_hash_alternative":null,"result_status":"success","processing_level":"normal","is_backed_up":true,"original_size":101571,"final_size":101571,"original_mime_type":"image\/jpeg","final_mime_type":"image\/jpeg","extra_data":"{\"thumbnails_count\":0,\"original_main_size\":101571,\"class\":\"RIO_Attachment_Extra_Data\"}","created_at":1741694716}
11-03-2025 15:05:16 [dev.gi.by][info] Preparing to upload a file (D:/OSPanel-6.0.0/home/dev.gi.by/public/wp-content/uploads/2020/02/Каменногорская_28_022-min.jpg) to a remote server (server_2).
11-03-2025 15:05:17 [dev.gi.by][debug] New queue created #678, attributes values: {"server_id":null,"object_id":"2181","object_name":"","item_type":"attachment","item_hash":null,"item_hash_alternative":null,"result_status":"success","processing_level":"normal","is_backed_up":true,"original_size":61140,"final_size":61140,"original_mime_type":"image\/jpeg","final_mime_type":"image\/jpeg","extra_data":"{\"thumbnails_count\":0,\"original_main_size\":61140,\"class\":\"RIO_Attachment_Extra_Data\"}","created_at":1741694717}
11-03-2025 15:05:17 [dev.gi.by][info] End cron job. Scope: media-library
-------------------------------
11-03-2025 15:10:35 [dev.gi.by][info] Start cron job. Scope: media-library
11-03-2025 15:10:36 [dev.gi.by][info] Preparing to upload a file (D:/OSPanel-6.0.0/home/dev.gi.by/public/wp-content/uploads/2020/02/Каменногорская_28_023-min.jpg) to a remote server (server_2).
11-03-2025 15:10:37 [dev.gi.by][debug] New queue created #679, attributes values: {"server_id":null,"object_id":"2182","object_name":"","item_type":"attachment","item_hash":null,"item_hash_alternative":null,"result_status":"success","processing_level":"normal","is_backed_up":true,"original_size":139714,"final_size":139714,"original_mime_type":"image\/jpeg","final_mime_type":"image\/jpeg","extra_data":"{\"thumbnails_count\":0,\"original_main_size\":139714,\"class\":\"RIO_Attachment_Extra_Data\"}","created_at":1741695037}
11-03-2025 15:10:37 [dev.gi.by][info] Preparing to upload a file (D:/OSPanel-6.0.0/home/dev.gi.by/public/wp-content/uploads/2020/02/Каменногорская_28_024-min.jpg) to a remote server (server_2).
11-03-2025 15:10:38 [dev.gi.by][debug] New queue created #680, attributes values: {"server_id":null,"object_id":"2183","object_name":"","item_type":"attachment","item_hash":null,"item_hash_alternative":null,"result_status":"success","processing_level":"normal","is_backed_up":true,"original_size":428587,"final_size":189777,"original_mime_type":"image\/jpeg","final_mime_type":"image\/jpeg","extra_data":"{\"thumbnails_count\":0,\"original_main_size\":428587,\"class\":\"RIO_Attachment_Extra_Data\"}","created_at":1741695038}
11-03-2025 15:10:38 [dev.gi.by][info] Try to create backup directory. Backup dir: (D:/OSPanel-6.0.0/home/dev.gi.by/public/wp-content/uploads/wio_backup/2020/03)
11-03-2025 15:10:38 [dev.gi.by][info] Preparing to upload a file (D:/OSPanel-6.0.0/home/dev.gi.by/public/wp-content/uploads/2020/03/1920х1080-блюм-min.jpg) to a remote server (server_2).
11-03-2025 15:10:39 [dev.gi.by][debug] New queue created #681, attributes values: {"server_id":null,"object_id":"2219","object_name":"","item_type":"attachment","item_hash":null,"item_hash_alternative":null,"result_status":"success","processing_level":"normal","is_backed_up":true,"original_size":158902,"final_size":158902,"original_mime_type":"image\/jpeg","final_mime_type":"image\/jpeg","extra_data":"{\"thumbnails_count\":0,\"original_main_size\":158902,\"class\":\"RIO_Attachment_Extra_Data\"}","created_at":1741695039}
11-03-2025 15:10:39 [dev.gi.by][info] End cron job. Scope: media-library
-------------------------------
11-03-2025 15:15:15 [dev.gi.by][info] Start cron job. Scope: media-library
11-03-2025 15:15:15 [dev.gi.by][info] Preparing to upload a file (D:/OSPanel-6.0.0/home/dev.gi.by/public/wp-content/uploads/2020/03/1920х1080-вудбокс-min.jpg) to a remote server (server_2).
11-03-2025 15:15:16 [dev.gi.by][debug] New queue created #682, attributes values: {"server_id":null,"object_id":"2220","object_name":"","item_type":"attachment","item_hash":null,"item_hash_alternative":null,"result_status":"success","processing_level":"normal","is_backed_up":true,"original_size":156359,"final_size":156359,"original_mime_type":"image\/jpeg","final_mime_type":"image\/jpeg","extra_data":"{\"thumbnails_count\":0,\"original_main_size\":156359,\"class\":\"RIO_Attachment_Extra_Data\"}","created_at":1741695316}
11-03-2025 15:15:16 [dev.gi.by][info] Preparing to upload a file (D:/OSPanel-6.0.0/home/dev.gi.by/public/wp-content/uploads/2020/03/1920х1080-крафт-min.jpg) to a remote server (server_2).
11-03-2025 15:15:17 [dev.gi.by][debug] New queue created #683, attributes values: {"server_id":null,"object_id":"2221","object_name":"","item_type":"attachment","item_hash":null,"item_hash_alternative":null,"result_status":"success","processing_level":"normal","is_backed_up":true,"original_size":177699,"final_size":173268,"original_mime_type":"image\/jpeg","final_mime_type":"image\/jpeg","extra_data":"{\"thumbnails_count\":0,\"original_main_size\":177699,\"class\":\"RIO_Attachment_Extra_Data\"}","created_at":1741695317}
11-03-2025 15:15:17 [dev.gi.by][info] Preparing to upload a file (D:/OSPanel-6.0.0/home/dev.gi.by/public/wp-content/uploads/2020/03/Лимба-1.jpg) to a remote server (server_2).
11-03-2025 15:15:18 [dev.gi.by][debug] New queue created #684, attributes values: {"server_id":null,"object_id":"2225","object_name":"","item_type":"attachment","item_hash":null,"item_hash_alternative":null,"result_status":"success","processing_level":"normal","is_backed_up":true,"original_size":121380,"final_size":121138,"original_mime_type":"image\/jpeg","final_mime_type":"image\/jpeg","extra_data":"{\"thumbnails_count\":0,\"original_main_size\":121380,\"class\":\"RIO_Attachment_Extra_Data\"}","created_at":1741695318}
11-03-2025 15:15:18 [dev.gi.by][info] End cron job. Scope: media-library
-------------------------------
11-03-2025 15:20:49 [dev.gi.by][info] Start cron job. Scope: media-library
11-03-2025 15:20:49 [dev.gi.by][info] Preparing to upload a file (D:/OSPanel-6.0.0/home/dev.gi.by/public/wp-content/uploads/2020/03/Балашиха_вход-в-секцию.jpg) to a remote server (server_2).
11-03-2025 15:20:50 [dev.gi.by][debug] New queue created #685, attributes values: {"server_id":null,"object_id":"2283","object_name":"","item_type":"attachment","item_hash":null,"item_hash_alternative":null,"result_status":"success","processing_level":"normal","is_backed_up":true,"original_size":62636,"final_size":62396,"original_mime_type":"image\/jpeg","final_mime_type":"image\/jpeg","extra_data":"{\"thumbnails_count\":0,\"original_main_size\":62636,\"class\":\"RIO_Attachment_Extra_Data\"}","created_at":1741695650}
11-03-2025 15:20:50 [dev.gi.by][info] Preparing to upload a file (D:/OSPanel-6.0.0/home/dev.gi.by/public/wp-content/uploads/2020/03/Балашиха_Калипсо.jpg) to a remote server (server_2).
11-03-2025 15:20:50 [dev.gi.by][debug] New queue created #686, attributes values: {"server_id":null,"object_id":"2284","object_name":"","item_type":"attachment","item_hash":null,"item_hash_alternative":null,"result_status":"success","processing_level":"normal","is_backed_up":true,"original_size":57500,"final_size":57260,"original_mime_type":"image\/jpeg","final_mime_type":"image\/jpeg","extra_data":"{\"thumbnails_count\":0,\"original_main_size\":57500,\"class\":\"RIO_Attachment_Extra_Data\"}","created_at":1741695650}
11-03-2025 15:20:50 [dev.gi.by][info] Preparing to upload a file (D:/OSPanel-6.0.0/home/dev.gi.by/public/wp-content/uploads/2020/03/Балашиха_Натали.jpg) to a remote server (server_2).
11-03-2025 15:20:51 [dev.gi.by][debug] New queue created #687, attributes values: {"server_id":null,"object_id":"2285","object_name":"","item_type":"attachment","item_hash":null,"item_hash_alternative":null,"result_status":"success","processing_level":"normal","is_backed_up":true,"original_size":115088,"final_size":114846,"original_mime_type":"image\/jpeg","final_mime_type":"image\/jpeg","extra_data":"{\"thumbnails_count\":0,\"original_main_size\":115088,\"class\":\"RIO_Attachment_Extra_Data\"}","created_at":1741695651}
11-03-2025 15:20:51 [dev.gi.by][info] End cron job. Scope: media-library
-------------------------------
11-03-2025 15:26:11 [dev.gi.by][info] Start cron job. Scope: media-library
11-03-2025 15:26:11 [dev.gi.by][info] Preparing to upload a file (D:/OSPanel-6.0.0/home/dev.gi.by/public/wp-content/uploads/2020/03/Балашиха_Симона.jpg) to a remote server (server_2).
11-03-2025 15:26:12 [dev.gi.by][debug] New queue created #688, attributes values: {"server_id":null,"object_id":"2286","object_name":"","item_type":"attachment","item_hash":null,"item_hash_alternative":null,"result_status":"success","processing_level":"normal","is_backed_up":true,"original_size":160771,"final_size":160529,"original_mime_type":"image\/jpeg","final_mime_type":"image\/jpeg","extra_data":"{\"thumbnails_count\":0,\"original_main_size\":160771,\"class\":\"RIO_Attachment_Extra_Data\"}","created_at":1741695972}
11-03-2025 15:26:13 [dev.gi.by][info] Preparing to upload a file (D:/OSPanel-6.0.0/home/dev.gi.by/public/wp-content/uploads/2020/03/Балашиха_Фреда.jpg) to a remote server (server_2).
11-03-2025 15:26:14 [dev.gi.by][debug] New queue created #689, attributes values: {"server_id":null,"object_id":"2287","object_name":"","item_type":"attachment","item_hash":null,"item_hash_alternative":null,"result_status":"success","processing_level":"normal","is_backed_up":true,"original_size":678778,"final_size":211788,"original_mime_type":"image\/jpeg","final_mime_type":"image\/jpeg","extra_data":"{\"thumbnails_count\":0,\"original_main_size\":678778,\"class\":\"RIO_Attachment_Extra_Data\"}","created_at":1741695974}
11-03-2025 15:26:15 [dev.gi.by][info] Preparing to upload a file (D:/OSPanel-6.0.0/home/dev.gi.by/public/wp-content/uploads/2020/03/Балашиха_Эри-2.jpg) to a remote server (server_2).
11-03-2025 15:26:16 [dev.gi.by][debug] New queue created #690, attributes values: {"server_id":null,"object_id":"2288","object_name":"","item_type":"attachment","item_hash":null,"item_hash_alternative":null,"result_status":"success","processing_level":"normal","is_backed_up":true,"original_size":963262,"final_size":220701,"original_mime_type":"image\/jpeg","final_mime_type":"image\/jpeg","extra_data":"{\"thumbnails_count\":0,\"original_main_size\":963262,\"class\":\"RIO_Attachment_Extra_Data\"}","created_at":1741695976}
11-03-2025 15:26:16 [dev.gi.by][info] End cron job. Scope: media-library
-------------------------------
11-03-2025 15:30:54 [dev.gi.by][info] Start cron job. Scope: media-library
11-03-2025 15:30:54 [dev.gi.by][info] Preparing to upload a file (D:/OSPanel-6.0.0/home/dev.gi.by/public/wp-content/uploads/2020/03/20191207_174407.jpg) to a remote server (server_2).
11-03-2025 15:31:01 [dev.gi.by][debug] New queue created #691, attributes values: {"server_id":null,"object_id":"2309","object_name":"","item_type":"attachment","item_hash":null,"item_hash_alternative":null,"result_status":"success","processing_level":"normal","is_backed_up":true,"original_size":687453,"final_size":311924,"original_mime_type":"image\/jpeg","final_mime_type":"image\/jpeg","extra_data":"{\"thumbnails_count\":0,\"original_main_size\":687453,\"class\":\"RIO_Attachment_Extra_Data\"}","created_at":1741696261}
11-03-2025 15:31:02 [dev.gi.by][info] Preparing to upload a file (D:/OSPanel-6.0.0/home/dev.gi.by/public/wp-content/uploads/2020/02/Modo_13_B_1920.jpg) to a remote server (server_2).
11-03-2025 15:31:02 [dev.gi.by][debug] New queue created #692, attributes values: {"server_id":null,"object_id":"2327","object_name":"","item_type":"attachment","item_hash":null,"item_hash_alternative":null,"result_status":"success","processing_level":"normal","is_backed_up":true,"original_size":229684,"final_size":201743,"original_mime_type":"image\/jpeg","final_mime_type":"image\/jpeg","extra_data":"{\"thumbnails_count\":0,\"original_main_size\":229684,\"class\":\"RIO_Attachment_Extra_Data\"}","created_at":1741696262}
11-03-2025 15:31:03 [dev.gi.by][info] Preparing to upload a file (D:/OSPanel-6.0.0/home/dev.gi.by/public/wp-content/uploads/2020/03/Капри_Денвер-min.jpg) to a remote server (server_2).
11-03-2025 15:31:04 [dev.gi.by][debug] New queue created #693, attributes values: {"server_id":null,"object_id":"2344","object_name":"","item_type":"attachment","item_hash":null,"item_hash_alternative":null,"result_status":"success","processing_level":"normal","is_backed_up":true,"original_size":193142,"final_size":187566,"original_mime_type":"image\/jpeg","final_mime_type":"image\/jpeg","extra_data":"{\"thumbnails_count\":0,\"original_main_size\":193142,\"class\":\"RIO_Attachment_Extra_Data\"}","created_at":1741696264}
11-03-2025 15:31:04 [dev.gi.by][info] End cron job. Scope: media-library
-------------------------------
11-03-2025 15:36:57 [dev.gi.by][info] Start cron job. Scope: media-library
11-03-2025 15:36:57 [dev.gi.by][info] Preparing to upload a file (D:/OSPanel-6.0.0/home/dev.gi.by/public/wp-content/uploads/2020/03/METABOX-LEFT-min.jpg) to a remote server (server_2).
11-03-2025 15:36:58 [dev.gi.by][debug] New queue created #694, attributes values: {"server_id":null,"object_id":"2345","object_name":"","item_type":"attachment","item_hash":null,"item_hash_alternative":null,"result_status":"success","processing_level":"normal","is_backed_up":true,"original_size":30373,"final_size":30373,"original_mime_type":"image\/jpeg","final_mime_type":"image\/jpeg","extra_data":"{\"thumbnails_count\":0,\"original_main_size\":30373,\"class\":\"RIO_Attachment_Extra_Data\"}","created_at":1741696618}
11-03-2025 15:36:58 [dev.gi.by][info] Preparing to upload a file (D:/OSPanel-6.0.0/home/dev.gi.by/public/wp-content/uploads/2020/03/METABOX-RIGYT-min.jpg) to a remote server (server_2).
11-03-2025 15:36:59 [dev.gi.by][debug] New queue created #695, attributes values: {"server_id":null,"object_id":"2348","object_name":"","item_type":"attachment","item_hash":null,"item_hash_alternative":null,"result_status":"success","processing_level":"normal","is_backed_up":true,"original_size":53283,"final_size":53283,"original_mime_type":"image\/jpeg","final_mime_type":"image\/jpeg","extra_data":"{\"thumbnails_count\":0,\"original_main_size\":53283,\"class\":\"RIO_Attachment_Extra_Data\"}","created_at":1741696619}
11-03-2025 15:36:59 [dev.gi.by][info] Preparing to upload a file (D:/OSPanel-6.0.0/home/dev.gi.by/public/wp-content/uploads/2020/03/Астория-Каменногорская-min.jpg) to a remote server (server_2).
11-03-2025 15:37:00 [dev.gi.by][debug] New queue created #696, attributes values: {"server_id":null,"object_id":"2351","object_name":"","item_type":"attachment","item_hash":null,"item_hash_alternative":null,"result_status":"success","processing_level":"normal","is_backed_up":true,"original_size":118782,"final_size":118782,"original_mime_type":"image\/jpeg","final_mime_type":"image\/jpeg","extra_data":"{\"thumbnails_count\":0,\"original_main_size\":118782,\"class\":\"RIO_Attachment_Extra_Data\"}","created_at":1741696620}
11-03-2025 15:37:00 [dev.gi.by][info] End cron job. Scope: media-library
-------------------------------
11-03-2025 15:40:59 [dev.gi.by][info] Start cron job. Scope: media-library
11-03-2025 15:40:59 [dev.gi.by][info] Preparing to upload a file (D:/OSPanel-6.0.0/home/dev.gi.by/public/wp-content/uploads/2020/03/декабокс.jpg) to a remote server (server_2).
11-03-2025 15:41:00 [dev.gi.by][debug] New queue created #697, attributes values: {"server_id":null,"object_id":"2355","object_name":"","item_type":"attachment","item_hash":null,"item_hash_alternative":null,"result_status":"success","processing_level":"normal","is_backed_up":true,"original_size":219890,"final_size":219890,"original_mime_type":"image\/jpeg","final_mime_type":"image\/jpeg","extra_data":"{\"thumbnails_count\":0,\"original_main_size\":219890,\"class\":\"RIO_Attachment_Extra_Data\"}","created_at":1741696860}
11-03-2025 15:41:01 [dev.gi.by][info] Preparing to upload a file (D:/OSPanel-6.0.0/home/dev.gi.by/public/wp-content/uploads/2020/03/Астория-Каменногорская-2.jpg) to a remote server (server_2).
11-03-2025 15:41:02 [dev.gi.by][debug] New queue created #698, attributes values: {"server_id":null,"object_id":"2356","object_name":"","item_type":"attachment","item_hash":null,"item_hash_alternative":null,"result_status":"success","processing_level":"normal","is_backed_up":true,"original_size":157494,"final_size":157494,"original_mime_type":"image\/jpeg","final_mime_type":"image\/jpeg","extra_data":"{\"thumbnails_count\":0,\"original_main_size\":157494,\"class\":\"RIO_Attachment_Extra_Data\"}","created_at":1741696862}
11-03-2025 15:41:02 [dev.gi.by][info] Preparing to upload a file (D:/OSPanel-6.0.0/home/dev.gi.by/public/wp-content/uploads/2020/03/KD.jpg) to a remote server (server_2).
11-03-2025 15:41:02 [dev.gi.by][debug] New queue created #699, attributes values: {"server_id":null,"object_id":"2358","object_name":"","item_type":"attachment","item_hash":null,"item_hash_alternative":null,"result_status":"success","processing_level":"normal","is_backed_up":true,"original_size":16692,"final_size":16452,"original_mime_type":"image\/jpeg","final_mime_type":"image\/jpeg","extra_data":"{\"thumbnails_count\":0,\"original_main_size\":16692,\"class\":\"RIO_Attachment_Extra_Data\"}","created_at":1741696862}
11-03-2025 15:41:02 [dev.gi.by][info] End cron job. Scope: media-library
-------------------------------
11-03-2025 15:45:42 [dev.gi.by][info] Start cron job. Scope: media-library
11-03-2025 15:45:42 [dev.gi.by][info] Preparing to upload a file (D:/OSPanel-6.0.0/home/dev.gi.by/public/wp-content/uploads/2020/03/KD-1.jpg) to a remote server (server_2).
11-03-2025 15:45:55 [dev.gi.by][debug] New queue created #700, attributes values: {"server_id":null,"object_id":"2359","object_name":"","item_type":"attachment","item_hash":null,"item_hash_alternative":null,"result_status":"success","processing_level":"normal","is_backed_up":true,"original_size":16544,"final_size":16304,"original_mime_type":"image\/jpeg","final_mime_type":"image\/jpeg","extra_data":"{\"thumbnails_count\":0,\"original_main_size\":16544,\"class\":\"RIO_Attachment_Extra_Data\"}","created_at":1741697155}
11-03-2025 15:45:55 [dev.gi.by][info] Preparing to upload a file (D:/OSPanel-6.0.0/home/dev.gi.by/public/wp-content/uploads/2020/03/KD_2.jpg) to a remote server (server_2).
11-03-2025 15:46:08 [dev.gi.by][debug] New queue created #701, attributes values: {"server_id":null,"object_id":"2360","object_name":"","item_type":"attachment","item_hash":null,"item_hash_alternative":null,"result_status":"success","processing_level":"normal","is_backed_up":true,"original_size":14125,"final_size":13885,"original_mime_type":"image\/jpeg","final_mime_type":"image\/jpeg","extra_data":"{\"thumbnails_count\":0,\"original_main_size\":14125,\"class\":\"RIO_Attachment_Extra_Data\"}","created_at":1741697168}
11-03-2025 15:46:08 [dev.gi.by][info] Try to create backup directory. Backup dir: (D:/OSPanel-6.0.0/home/dev.gi.by/public/wp-content/uploads/wio_backup/2020/04)
11-03-2025 15:46:08 [dev.gi.by][info] Preparing to upload a file (D:/OSPanel-6.0.0/home/dev.gi.by/public/wp-content/uploads/2020/04/13-min.jpg) to a remote server (server_2).
11-03-2025 15:46:15 [dev.gi.by][debug] New queue created #702, attributes values: {"server_id":null,"object_id":"2361","object_name":"","item_type":"attachment","item_hash":null,"item_hash_alternative":null,"result_status":"success","processing_level":"normal","is_backed_up":true,"original_size":130502,"final_size":130502,"original_mime_type":"image\/jpeg","final_mime_type":"image\/jpeg","extra_data":"{\"thumbnails_count\":0,\"original_main_size\":130502,\"class\":\"RIO_Attachment_Extra_Data\"}","created_at":1741697175}
11-03-2025 15:46:15 [dev.gi.by][info] End cron job. Scope: media-library
-------------------------------
11-03-2025 15:50:43 [dev.gi.by][info] Start cron job. Scope: media-library
11-03-2025 15:50:43 [dev.gi.by][info] Preparing to upload a file (D:/OSPanel-6.0.0/home/dev.gi.by/public/wp-content/uploads/2020/04/14-min.jpg) to a remote server (server_2).
11-03-2025 15:50:46 [dev.gi.by][debug] New queue created #703, attributes values: {"server_id":null,"object_id":"2362","object_name":"","item_type":"attachment","item_hash":null,"item_hash_alternative":null,"result_status":"success","processing_level":"normal","is_backed_up":true,"original_size":89772,"final_size":89772,"original_mime_type":"image\/jpeg","final_mime_type":"image\/jpeg","extra_data":"{\"thumbnails_count\":0,\"original_main_size\":89772,\"class\":\"RIO_Attachment_Extra_Data\"}","created_at":1741697446}
11-03-2025 15:50:46 [dev.gi.by][info] Preparing to upload a file (D:/OSPanel-6.0.0/home/dev.gi.by/public/wp-content/uploads/2020/04/15-min.jpg) to a remote server (server_2).
11-03-2025 15:50:47 [dev.gi.by][debug] New queue created #704, attributes values: {"server_id":null,"object_id":"2363","object_name":"","item_type":"attachment","item_hash":null,"item_hash_alternative":null,"result_status":"success","processing_level":"normal","is_backed_up":true,"original_size":124153,"final_size":123381,"original_mime_type":"image\/jpeg","final_mime_type":"image\/jpeg","extra_data":"{\"thumbnails_count\":0,\"original_main_size\":124153,\"class\":\"RIO_Attachment_Extra_Data\"}","created_at":1741697447}
11-03-2025 15:50:47 [dev.gi.by][info] Preparing to upload a file (D:/OSPanel-6.0.0/home/dev.gi.by/public/wp-content/uploads/2020/04/16-min.jpg) to a remote server (server_2).
11-03-2025 15:50:48 [dev.gi.by][debug] New queue created #705, attributes values: {"server_id":null,"object_id":"2364","object_name":"","item_type":"attachment","item_hash":null,"item_hash_alternative":null,"result_status":"success","processing_level":"normal","is_backed_up":true,"original_size":87582,"final_size":87582,"original_mime_type":"image\/jpeg","final_mime_type":"image\/jpeg","extra_data":"{\"thumbnails_count\":0,\"original_main_size\":87582,\"class\":\"RIO_Attachment_Extra_Data\"}","created_at":1741697448}
11-03-2025 15:50:48 [dev.gi.by][info] End cron job. Scope: media-library
-------------------------------
11-03-2025 15:55:21 [dev.gi.by][info] Start cron job. Scope: media-library
11-03-2025 15:55:22 [dev.gi.by][info] Preparing to upload a file (D:/OSPanel-6.0.0/home/dev.gi.by/public/wp-content/uploads/2020/04/17-min.jpg) to a remote server (server_2).
11-03-2025 15:55:25 [dev.gi.by][debug] New queue created #706, attributes values: {"server_id":null,"object_id":"2367","object_name":"","item_type":"attachment","item_hash":null,"item_hash_alternative":null,"result_status":"success","processing_level":"normal","is_backed_up":true,"original_size":118073,"final_size":118073,"original_mime_type":"image\/jpeg","final_mime_type":"image\/jpeg","extra_data":"{\"thumbnails_count\":0,\"original_main_size\":118073,\"class\":\"RIO_Attachment_Extra_Data\"}","created_at":1741697725}
11-03-2025 15:55:25 [dev.gi.by][info] Preparing to upload a file (D:/OSPanel-6.0.0/home/dev.gi.by/public/wp-content/uploads/2020/04/moo-min.jpg) to a remote server (server_2).
11-03-2025 15:55:26 [dev.gi.by][debug] New queue created #707, attributes values: {"server_id":null,"object_id":"2370","object_name":"","item_type":"attachment","item_hash":null,"item_hash_alternative":null,"result_status":"success","processing_level":"normal","is_backed_up":true,"original_size":152905,"final_size":152905,"original_mime_type":"image\/jpeg","final_mime_type":"image\/jpeg","extra_data":"{\"thumbnails_count\":0,\"original_main_size\":152905,\"class\":\"RIO_Attachment_Extra_Data\"}","created_at":1741697726}
11-03-2025 15:55:26 [dev.gi.by][info] Try to create backup directory. Backup dir: (D:/OSPanel-6.0.0/home/dev.gi.by/public/wp-content/uploads/wio_backup/2020/05)
11-03-2025 15:55:26 [dev.gi.by][info] Preparing to upload a file (D:/OSPanel-6.0.0/home/dev.gi.by/public/wp-content/uploads/2020/05/Banner2.jpg) to a remote server (server_2).
11-03-2025 15:55:27 [dev.gi.by][debug] New queue created #708, attributes values: {"server_id":null,"object_id":"2390","object_name":"","item_type":"attachment","item_hash":null,"item_hash_alternative":null,"result_status":"success","processing_level":"normal","is_backed_up":true,"original_size":145231,"final_size":140904,"original_mime_type":"image\/jpeg","final_mime_type":"image\/jpeg","extra_data":"{\"thumbnails_count\":0,\"original_main_size\":145231,\"class\":\"RIO_Attachment_Extra_Data\"}","created_at":1741697727}
11-03-2025 15:55:27 [dev.gi.by][info] End cron job. Scope: media-library
-------------------------------
11-03-2025 16:01:09 [dev.gi.by][info] Start cron job. Scope: media-library
11-03-2025 16:01:09 [dev.gi.by][info] Preparing to upload a file (D:/OSPanel-6.0.0/home/dev.gi.by/public/wp-content/uploads/2020/05/banner3.jpg) to a remote server (server_2).
11-03-2025 16:01:10 [dev.gi.by][debug] New queue created #709, attributes values: {"server_id":null,"object_id":"2391","object_name":"","item_type":"attachment","item_hash":null,"item_hash_alternative":null,"result_status":"success","processing_level":"normal","is_backed_up":true,"original_size":103059,"final_size":103059,"original_mime_type":"image\/jpeg","final_mime_type":"image\/jpeg","extra_data":"{\"thumbnails_count\":0,\"original_main_size\":103059,\"class\":\"RIO_Attachment_Extra_Data\"}","created_at":1741698070}
11-03-2025 16:01:10 [dev.gi.by][info] Preparing to upload a file (D:/OSPanel-6.0.0/home/dev.gi.by/public/wp-content/uploads/2020/05/2222-min.jpg) to a remote server (server_2).
11-03-2025 16:01:11 [dev.gi.by][debug] New queue created #710, attributes values: {"server_id":null,"object_id":"2395","object_name":"","item_type":"attachment","item_hash":null,"item_hash_alternative":null,"result_status":"success","processing_level":"normal","is_backed_up":true,"original_size":91145,"final_size":91145,"original_mime_type":"image\/jpeg","final_mime_type":"image\/jpeg","extra_data":"{\"thumbnails_count\":0,\"original_main_size\":91145,\"class\":\"RIO_Attachment_Extra_Data\"}","created_at":1741698071}
11-03-2025 16:01:11 [dev.gi.by][info] Preparing to upload a file (D:/OSPanel-6.0.0/home/dev.gi.by/public/wp-content/uploads/2020/05/freda.jpg) to a remote server (server_2).
11-03-2025 16:01:12 [dev.gi.by][debug] New queue created #711, attributes values: {"server_id":null,"object_id":"2397","object_name":"","item_type":"attachment","item_hash":null,"item_hash_alternative":null,"result_status":"success","processing_level":"normal","is_backed_up":true,"original_size":122944,"final_size":122944,"original_mime_type":"image\/jpeg","final_mime_type":"image\/jpeg","extra_data":"{\"thumbnails_count\":0,\"original_main_size\":122944,\"class\":\"RIO_Attachment_Extra_Data\"}","created_at":1741698072}
11-03-2025 16:01:12 [dev.gi.by][info] End cron job. Scope: media-library
-------------------------------
11-03-2025 16:05:17 [dev.gi.by][info] Start cron job. Scope: media-library
11-03-2025 16:05:18 [dev.gi.by][info] Preparing to upload a file (D:/OSPanel-6.0.0/home/dev.gi.by/public/wp-content/uploads/2020/05/4.jpg) to a remote server (server_2).
11-03-2025 16:05:19 [dev.gi.by][debug] New queue created #712, attributes values: {"server_id":null,"object_id":"2431","object_name":"","item_type":"attachment","item_hash":null,"item_hash_alternative":null,"result_status":"success","processing_level":"normal","is_backed_up":true,"original_size":183401,"final_size":179408,"original_mime_type":"image\/jpeg","final_mime_type":"image\/jpeg","extra_data":"{\"thumbnails_count\":0,\"original_main_size\":183401,\"class\":\"RIO_Attachment_Extra_Data\"}","created_at":1741698319}
11-03-2025 16:05:19 [dev.gi.by][info] Preparing to upload a file (D:/OSPanel-6.0.0/home/dev.gi.by/public/wp-content/uploads/2020/05/1.jpg) to a remote server (server_2).
11-03-2025 16:05:19 [dev.gi.by][debug] New queue created #713, attributes values: {"server_id":null,"object_id":"2432","object_name":"","item_type":"attachment","item_hash":null,"item_hash_alternative":null,"result_status":"success","processing_level":"normal","is_backed_up":true,"original_size":45312,"final_size":45072,"original_mime_type":"image\/jpeg","final_mime_type":"image\/jpeg","extra_data":"{\"thumbnails_count\":0,\"original_main_size\":45312,\"class\":\"RIO_Attachment_Extra_Data\"}","created_at":1741698319}
11-03-2025 16:05:19 [dev.gi.by][info] Preparing to upload a file (D:/OSPanel-6.0.0/home/dev.gi.by/public/wp-content/uploads/2020/05/2.jpg) to a remote server (server_2).
11-03-2025 16:05:20 [dev.gi.by][debug] New queue created #714, attributes values: {"server_id":null,"object_id":"2433","object_name":"","item_type":"attachment","item_hash":null,"item_hash_alternative":null,"result_status":"success","processing_level":"normal","is_backed_up":true,"original_size":54078,"final_size":53838,"original_mime_type":"image\/jpeg","final_mime_type":"image\/jpeg","extra_data":"{\"thumbnails_count\":0,\"original_main_size\":54078,\"class\":\"RIO_Attachment_Extra_Data\"}","created_at":1741698320}
11-03-2025 16:05:20 [dev.gi.by][info] End cron job. Scope: media-library
-------------------------------
11-03-2025 16:10:14 [dev.gi.by][info] Start cron job. Scope: media-library
11-03-2025 16:10:15 [dev.gi.by][info] Preparing to upload a file (D:/OSPanel-6.0.0/home/dev.gi.by/public/wp-content/uploads/2020/05/6.jpg) to a remote server (server_2).
11-03-2025 16:10:16 [dev.gi.by][debug] New queue created #715, attributes values: {"server_id":null,"object_id":"2438","object_name":"","item_type":"attachment","item_hash":null,"item_hash_alternative":null,"result_status":"success","processing_level":"normal","is_backed_up":true,"original_size":159291,"final_size":159291,"original_mime_type":"image\/jpeg","final_mime_type":"image\/jpeg","extra_data":"{\"thumbnails_count\":0,\"original_main_size\":159291,\"class\":\"RIO_Attachment_Extra_Data\"}","created_at":1741698616}
11-03-2025 16:10:16 [dev.gi.by][info] Preparing to upload a file (D:/OSPanel-6.0.0/home/dev.gi.by/public/wp-content/uploads/2020/05/7.jpg) to a remote server (server_2).
11-03-2025 16:10:17 [dev.gi.by][debug] New queue created #716, attributes values: {"server_id":null,"object_id":"2439","object_name":"","item_type":"attachment","item_hash":null,"item_hash_alternative":null,"result_status":"success","processing_level":"normal","is_backed_up":true,"original_size":156359,"final_size":156359,"original_mime_type":"image\/jpeg","final_mime_type":"image\/jpeg","extra_data":"{\"thumbnails_count\":0,\"original_main_size\":156359,\"class\":\"RIO_Attachment_Extra_Data\"}","created_at":1741698617}
11-03-2025 16:10:17 [dev.gi.by][info] Try to create backup directory. Backup dir: (D:/OSPanel-6.0.0/home/dev.gi.by/public/wp-content/uploads/wio_backup/2020/06)
11-03-2025 16:10:17 [dev.gi.by][info] Preparing to upload a file (D:/OSPanel-6.0.0/home/dev.gi.by/public/wp-content/uploads/2020/06/блюм.jpg) to a remote server (server_2).
11-03-2025 16:10:18 [dev.gi.by][debug] New queue created #717, attributes values: {"server_id":null,"object_id":"2520","object_name":"","item_type":"attachment","item_hash":null,"item_hash_alternative":null,"result_status":"success","processing_level":"normal","is_backed_up":true,"original_size":90561,"final_size":90561,"original_mime_type":"image\/jpeg","final_mime_type":"image\/jpeg","extra_data":"{\"thumbnails_count\":0,\"original_main_size\":90561,\"class\":\"RIO_Attachment_Extra_Data\"}","created_at":1741698618}
11-03-2025 16:10:18 [dev.gi.by][info] End cron job. Scope: media-library
-------------------------------
11-03-2025 16:15:27 [dev.gi.by][info] Start cron job. Scope: media-library
11-03-2025 16:15:27 [dev.gi.by][info] Preparing to upload a file (D:/OSPanel-6.0.0/home/dev.gi.by/public/wp-content/uploads/2020/06/коллаж-1.jpg) to a remote server (server_2).
11-03-2025 16:15:27 [dev.gi.by][debug] New queue created #718, attributes values: {"server_id":null,"object_id":"2521","object_name":"","item_type":"attachment","item_hash":null,"item_hash_alternative":null,"result_status":"success","processing_level":"normal","is_backed_up":true,"original_size":71822,"final_size":71582,"original_mime_type":"image\/jpeg","final_mime_type":"image\/jpeg","extra_data":"{\"thumbnails_count\":0,\"original_main_size\":71822,\"class\":\"RIO_Attachment_Extra_Data\"}","created_at":1741698927}
11-03-2025 16:15:28 [dev.gi.by][info] Preparing to upload a file (D:/OSPanel-6.0.0/home/dev.gi.by/public/wp-content/uploads/2020/06/крафт.jpg) to a remote server (server_2).
11-03-2025 16:15:29 [dev.gi.by][debug] New queue created #719, attributes values: {"server_id":null,"object_id":"2522","object_name":"","item_type":"attachment","item_hash":null,"item_hash_alternative":null,"result_status":"success","processing_level":"normal","is_backed_up":true,"original_size":133437,"final_size":127726,"original_mime_type":"image\/jpeg","final_mime_type":"image\/jpeg","extra_data":"{\"thumbnails_count\":0,\"original_main_size\":133437,\"class\":\"RIO_Attachment_Extra_Data\"}","created_at":1741698929}
11-03-2025 16:15:29 [dev.gi.by][info] Preparing to upload a file (D:/OSPanel-6.0.0/home/dev.gi.by/public/wp-content/uploads/2020/06/постформинг.jpg) to a remote server (server_2).
11-03-2025 16:15:29 [dev.gi.by][debug] New queue created #720, attributes values: {"server_id":null,"object_id":"2523","object_name":"","item_type":"attachment","item_hash":null,"item_hash_alternative":null,"result_status":"success","processing_level":"normal","is_backed_up":true,"original_size":8783,"final_size":8545,"original_mime_type":"image\/jpeg","final_mime_type":"image\/jpeg","extra_data":"{\"thumbnails_count\":0,\"original_main_size\":8783,\"class\":\"RIO_Attachment_Extra_Data\"}","created_at":1741698929}
11-03-2025 16:15:29 [dev.gi.by][info] End cron job. Scope: media-library
-------------------------------
12-03-2025 08:45:49 [dev.gi.by][info] Start cron job. Scope: media-library
12-03-2025 08:45:49 [dev.gi.by][info] Preparing to upload a file (D:/OSPanel-6.0.0/home/dev.gi.by/public/wp-content/uploads/2020/06/Александровская-постформинг.jpg) to a remote server (server_2).
12-03-2025 08:45:50 [dev.gi.by][debug] New queue created #721, attributes values: {"server_id":null,"object_id":"2525","object_name":"","item_type":"attachment","item_hash":null,"item_hash_alternative":null,"result_status":"success","processing_level":"normal","is_backed_up":true,"original_size":44330,"final_size":44090,"original_mime_type":"image\/jpeg","final_mime_type":"image\/jpeg","extra_data":"{\"thumbnails_count\":0,\"original_main_size\":44330,\"class\":\"RIO_Attachment_Extra_Data\"}","created_at":1741758350}
12-03-2025 08:45:50 [dev.gi.by][info] Preparing to upload a file (D:/OSPanel-6.0.0/home/dev.gi.by/public/wp-content/uploads/2020/06/IMG_9874.jpg) to a remote server (server_2).
12-03-2025 08:45:51 [dev.gi.by][debug] New queue created #722, attributes values: {"server_id":null,"object_id":"2590","object_name":"","item_type":"attachment","item_hash":null,"item_hash_alternative":null,"result_status":"success","processing_level":"normal","is_backed_up":true,"original_size":111351,"final_size":111351,"original_mime_type":"image\/jpeg","final_mime_type":"image\/jpeg","extra_data":"{\"thumbnails_count\":0,\"original_main_size\":111351,\"class\":\"RIO_Attachment_Extra_Data\"}","created_at":1741758351}
12-03-2025 08:45:51 [dev.gi.by][info] Preparing to upload a file (D:/OSPanel-6.0.0/home/dev.gi.by/public/wp-content/uploads/2020/06/Безымянный-1-min.png) to a remote server (server_2).
12-03-2025 08:45:52 [dev.gi.by][debug] New queue created #723, attributes values: {"server_id":null,"object_id":"2720","object_name":"","item_type":"attachment","item_hash":null,"item_hash_alternative":null,"result_status":"success","processing_level":"normal","is_backed_up":true,"original_size":9718,"final_size":9478,"original_mime_type":"image\/png","final_mime_type":"image\/png","extra_data":"{\"thumbnails_count\":0,\"original_main_size\":9718,\"class\":\"RIO_Attachment_Extra_Data\"}","created_at":1741758352}
12-03-2025 08:45:52 [dev.gi.by][info] End cron job. Scope: media-library
-------------------------------
12-03-2025 08:47:01 [dev.gi.by][info] Start cron job. Scope: media-library
12-03-2025 08:47:01 [dev.gi.by][info] Preparing to upload a file (D:/OSPanel-6.0.0/home/dev.gi.by/public/wp-content/uploads/2020/06/Монтажная-область-2-min.jpg) to a remote server (server_2).
12-03-2025 08:47:01 [dev.gi.by][debug] New queue created #724, attributes values: {"server_id":null,"object_id":"2721","object_name":"","item_type":"attachment","item_hash":null,"item_hash_alternative":null,"result_status":"success","processing_level":"normal","is_backed_up":true,"original_size":33814,"final_size":33814,"original_mime_type":"image\/jpeg","final_mime_type":"image\/jpeg","extra_data":"{\"thumbnails_count\":0,\"original_main_size\":33814,\"class\":\"RIO_Attachment_Extra_Data\"}","created_at":1741758421}
12-03-2025 08:47:01 [dev.gi.by][info] Preparing to upload a file (D:/OSPanel-6.0.0/home/dev.gi.by/public/wp-content/uploads/2020/06/1200х560-gi-min-1.jpg) to a remote server (server_2).
12-03-2025 08:47:02 [dev.gi.by][debug] New queue created #725, attributes values: {"server_id":null,"object_id":"2728","object_name":"","item_type":"attachment","item_hash":null,"item_hash_alternative":null,"result_status":"success","processing_level":"normal","is_backed_up":true,"original_size":41811,"final_size":41811,"original_mime_type":"image\/jpeg","final_mime_type":"image\/jpeg","extra_data":"{\"thumbnails_count\":0,\"original_main_size\":41811,\"class\":\"RIO_Attachment_Extra_Data\"}","created_at":1741758422}
12-03-2025 08:47:02 [dev.gi.by][info] Try to create backup directory. Backup dir: (D:/OSPanel-6.0.0/home/dev.gi.by/public/wp-content/uploads/wio_backup/2020/07)
12-03-2025 08:47:02 [dev.gi.by][info] Preparing to upload a file (D:/OSPanel-6.0.0/home/dev.gi.by/public/wp-content/uploads/2020/07/блюм-min.jpg) to a remote server (server_2).
12-03-2025 08:47:03 [dev.gi.by][debug] New queue created #726, attributes values: {"server_id":null,"object_id":"2730","object_name":"","item_type":"attachment","item_hash":null,"item_hash_alternative":null,"result_status":"success","processing_level":"normal","is_backed_up":true,"original_size":82274,"final_size":82274,"original_mime_type":"image\/jpeg","final_mime_type":"image\/jpeg","extra_data":"{\"thumbnails_count\":0,\"original_main_size\":82274,\"class\":\"RIO_Attachment_Extra_Data\"}","created_at":1741758423}
12-03-2025 08:47:03 [dev.gi.by][info] End cron job. Scope: media-library
-------------------------------
12-03-2025 08:50:55 [dev.gi.by][info] Start cron job. Scope: media-library
12-03-2025 08:50:55 [dev.gi.by][info] Preparing to upload a file (D:/OSPanel-6.0.0/home/dev.gi.by/public/wp-content/uploads/2020/07/Коллаж-1-min.jpg) to a remote server (server_2).
12-03-2025 08:50:56 [dev.gi.by][debug] New queue created #727, attributes values: {"server_id":null,"object_id":"2731","object_name":"","item_type":"attachment","item_hash":null,"item_hash_alternative":null,"result_status":"success","processing_level":"normal","is_backed_up":true,"original_size":68117,"final_size":68117,"original_mime_type":"image\/jpeg","final_mime_type":"image\/jpeg","extra_data":"{\"thumbnails_count\":0,\"original_main_size\":68117,\"class\":\"RIO_Attachment_Extra_Data\"}","created_at":1741758656}
12-03-2025 08:50:56 [dev.gi.by][info] Preparing to upload a file (D:/OSPanel-6.0.0/home/dev.gi.by/public/wp-content/uploads/2020/07/крафт-min.jpg) to a remote server (server_2).
12-03-2025 08:50:57 [dev.gi.by][debug] New queue created #728, attributes values: {"server_id":null,"object_id":"2732","object_name":"","item_type":"attachment","item_hash":null,"item_hash_alternative":null,"result_status":"success","processing_level":"normal","is_backed_up":true,"original_size":123623,"final_size":123123,"original_mime_type":"image\/jpeg","final_mime_type":"image\/jpeg","extra_data":"{\"thumbnails_count\":0,\"original_main_size\":123623,\"class\":\"RIO_Attachment_Extra_Data\"}","created_at":1741758657}
12-03-2025 08:50:58 [dev.gi.by][info] Preparing to upload a file (D:/OSPanel-6.0.0/home/dev.gi.by/public/wp-content/uploads/2020/07/baner_2-min.jpg) to a remote server (server_2).
12-03-2025 08:50:59 [dev.gi.by][debug] New queue created #729, attributes values: {"server_id":null,"object_id":"2733","object_name":"","item_type":"attachment","item_hash":null,"item_hash_alternative":null,"result_status":"success","processing_level":"normal","is_backed_up":true,"original_size":297011,"final_size":276092,"original_mime_type":"image\/jpeg","final_mime_type":"image\/jpeg","extra_data":"{\"thumbnails_count\":0,\"original_main_size\":297011,\"class\":\"RIO_Attachment_Extra_Data\"}","created_at":1741758659}
12-03-2025 08:50:59 [dev.gi.by][info] End cron job. Scope: media-library
-------------------------------
12-03-2025 08:55:56 [dev.gi.by][info] Start cron job. Scope: media-library
12-03-2025 08:55:56 [dev.gi.by][info] Preparing to upload a file (D:/OSPanel-6.0.0/home/dev.gi.by/public/wp-content/uploads/2020/07/baner_2-min-1.jpg) to a remote server (server_2).
12-03-2025 08:55:57 [dev.gi.by][debug] New queue created #730, attributes values: {"server_id":null,"object_id":"2737","object_name":"","item_type":"attachment","item_hash":null,"item_hash_alternative":null,"result_status":"success","processing_level":"normal","is_backed_up":true,"original_size":297011,"final_size":276092,"original_mime_type":"image\/jpeg","final_mime_type":"image\/jpeg","extra_data":"{\"thumbnails_count\":0,\"original_main_size\":297011,\"class\":\"RIO_Attachment_Extra_Data\"}","created_at":1741758957}
12-03-2025 08:55:57 [dev.gi.by][info] Preparing to upload a file (D:/OSPanel-6.0.0/home/dev.gi.by/public/wp-content/uploads/2020/07/блюм-min-1.jpg) to a remote server (server_2).
12-03-2025 08:55:58 [dev.gi.by][debug] New queue created #731, attributes values: {"server_id":null,"object_id":"2738","object_name":"","item_type":"attachment","item_hash":null,"item_hash_alternative":null,"result_status":"success","processing_level":"normal","is_backed_up":true,"original_size":82274,"final_size":82274,"original_mime_type":"image\/jpeg","final_mime_type":"image\/jpeg","extra_data":"{\"thumbnails_count\":0,\"original_main_size\":82274,\"class\":\"RIO_Attachment_Extra_Data\"}","created_at":1741758958}
12-03-2025 08:55:59 [dev.gi.by][info] Preparing to upload a file (D:/OSPanel-6.0.0/home/dev.gi.by/public/wp-content/uploads/2020/07/крафт-min-1.jpg) to a remote server (server_2).
12-03-2025 08:55:59 [dev.gi.by][debug] New queue created #732, attributes values: {"server_id":null,"object_id":"2739","object_name":"","item_type":"attachment","item_hash":null,"item_hash_alternative":null,"result_status":"success","processing_level":"normal","is_backed_up":true,"original_size":123623,"final_size":123123,"original_mime_type":"image\/jpeg","final_mime_type":"image\/jpeg","extra_data":"{\"thumbnails_count\":0,\"original_main_size\":123623,\"class\":\"RIO_Attachment_Extra_Data\"}","created_at":1741758959}
12-03-2025 08:55:59 [dev.gi.by][info] End cron job. Scope: media-library
-------------------------------
12-03-2025 09:00:28 [dev.gi.by][info] Start cron job. Scope: media-library
12-03-2025 09:00:28 [dev.gi.by][info] Preparing to upload a file (D:/OSPanel-6.0.0/home/dev.gi.by/public/wp-content/uploads/2020/07/baner_3-min.jpg) to a remote server (server_2).
12-03-2025 09:00:30 [dev.gi.by][debug] New queue created #733, attributes values: {"server_id":null,"object_id":"2741","object_name":"","item_type":"attachment","item_hash":null,"item_hash_alternative":null,"result_status":"success","processing_level":"normal","is_backed_up":true,"original_size":243825,"final_size":243825,"original_mime_type":"image\/jpeg","final_mime_type":"image\/jpeg","extra_data":"{\"thumbnails_count\":0,\"original_main_size\":243825,\"class\":\"RIO_Attachment_Extra_Data\"}","created_at":1741759230}
12-03-2025 09:00:30 [dev.gi.by][info] Preparing to upload a file (D:/OSPanel-6.0.0/home/dev.gi.by/public/wp-content/uploads/2020/07/baner_4-min.jpg) to a remote server (server_2).
12-03-2025 09:00:31 [dev.gi.by][debug] New queue created #734, attributes values: {"server_id":null,"object_id":"2742","object_name":"","item_type":"attachment","item_hash":null,"item_hash_alternative":null,"result_status":"success","processing_level":"normal","is_backed_up":true,"original_size":194236,"final_size":194236,"original_mime_type":"image\/jpeg","final_mime_type":"image\/jpeg","extra_data":"{\"thumbnails_count\":0,\"original_main_size\":194236,\"class\":\"RIO_Attachment_Extra_Data\"}","created_at":1741759231}
12-03-2025 09:00:31 [dev.gi.by][info] Preparing to upload a file (D:/OSPanel-6.0.0/home/dev.gi.by/public/wp-content/uploads/2020/07/baner_5-min.jpg) to a remote server (server_2).
12-03-2025 09:00:32 [dev.gi.by][debug] New queue created #735, attributes values: {"server_id":null,"object_id":"2743","object_name":"","item_type":"attachment","item_hash":null,"item_hash_alternative":null,"result_status":"success","processing_level":"normal","is_backed_up":true,"original_size":187047,"final_size":187047,"original_mime_type":"image\/jpeg","final_mime_type":"image\/jpeg","extra_data":"{\"thumbnails_count\":0,\"original_main_size\":187047,\"class\":\"RIO_Attachment_Extra_Data\"}","created_at":1741759232}
12-03-2025 09:00:32 [dev.gi.by][info] End cron job. Scope: media-library
-------------------------------
12-03-2025 09:05:27 [dev.gi.by][info] Start cron job. Scope: media-library
12-03-2025 09:05:27 [dev.gi.by][info] Preparing to upload a file (D:/OSPanel-6.0.0/home/dev.gi.by/public/wp-content/uploads/2020/07/baner_6-min.jpg) to a remote server (server_2).
12-03-2025 09:05:28 [dev.gi.by][debug] New queue created #736, attributes values: {"server_id":null,"object_id":"2744","object_name":"","item_type":"attachment","item_hash":null,"item_hash_alternative":null,"result_status":"success","processing_level":"normal","is_backed_up":true,"original_size":182419,"final_size":182419,"original_mime_type":"image\/jpeg","final_mime_type":"image\/jpeg","extra_data":"{\"thumbnails_count\":0,\"original_main_size\":182419,\"class\":\"RIO_Attachment_Extra_Data\"}","created_at":1741759528}
12-03-2025 09:05:29 [dev.gi.by][info] Preparing to upload a file (D:/OSPanel-6.0.0/home/dev.gi.by/public/wp-content/uploads/2020/07/0001.jpg) to a remote server (server_2).
12-03-2025 09:05:30 [dev.gi.by][debug] New queue created #737, attributes values: {"server_id":null,"object_id":"2805","object_name":"","item_type":"attachment","item_hash":null,"item_hash_alternative":null,"result_status":"success","processing_level":"normal","is_backed_up":true,"original_size":199430,"final_size":199430,"original_mime_type":"image\/jpeg","final_mime_type":"image\/jpeg","extra_data":"{\"thumbnails_count\":0,\"original_main_size\":199430,\"class\":\"RIO_Attachment_Extra_Data\"}","created_at":1741759530}
12-03-2025 09:05:30 [dev.gi.by][info] Preparing to upload a file (D:/OSPanel-6.0.0/home/dev.gi.by/public/wp-content/uploads/2020/07/0002.jpg) to a remote server (server_2).
12-03-2025 09:05:31 [dev.gi.by][debug] New queue created #738, attributes values: {"server_id":null,"object_id":"2806","object_name":"","item_type":"attachment","item_hash":null,"item_hash_alternative":null,"result_status":"success","processing_level":"normal","is_backed_up":true,"original_size":184491,"final_size":184491,"original_mime_type":"image\/jpeg","final_mime_type":"image\/jpeg","extra_data":"{\"thumbnails_count\":0,\"original_main_size\":184491,\"class\":\"RIO_Attachment_Extra_Data\"}","created_at":1741759531}
12-03-2025 09:05:31 [dev.gi.by][info] End cron job. Scope: media-library
-------------------------------
12-03-2025 09:10:10 [dev.gi.by][info] Start cron job. Scope: media-library
12-03-2025 09:10:10 [dev.gi.by][info] Preparing to upload a file (D:/OSPanel-6.0.0/home/dev.gi.by/public/wp-content/uploads/2020/07/white-2.png) to a remote server (server_2).
12-03-2025 09:10:11 [dev.gi.by][debug] New queue created #739, attributes values: {"server_id":null,"object_id":"2809","object_name":"","item_type":"attachment","item_hash":null,"item_hash_alternative":null,"result_status":"success","processing_level":"normal","is_backed_up":true,"original_size":392,"final_size":154,"original_mime_type":"image\/png","final_mime_type":"image\/png","extra_data":"{\"thumbnails_count\":0,\"original_main_size\":392,\"class\":\"RIO_Attachment_Extra_Data\"}","created_at":1741759811}
12-03-2025 09:10:11 [dev.gi.by][info] Preparing to upload a file (D:/OSPanel-6.0.0/home/dev.gi.by/public/wp-content/uploads/2020/07/alegri.jpg) to a remote server (server_2).
12-03-2025 09:10:12 [dev.gi.by][debug] New queue created #740, attributes values: {"server_id":null,"object_id":"2813","object_name":"","item_type":"attachment","item_hash":null,"item_hash_alternative":null,"result_status":"success","processing_level":"normal","is_backed_up":true,"original_size":271315,"final_size":256900,"original_mime_type":"image\/jpeg","final_mime_type":"image\/jpeg","extra_data":"{\"thumbnails_count\":0,\"original_main_size\":271315,\"class\":\"RIO_Attachment_Extra_Data\"}","created_at":1741759812}
12-03-2025 09:10:12 [dev.gi.by][info] Preparing to upload a file (D:/OSPanel-6.0.0/home/dev.gi.by/public/wp-content/uploads/2020/07/bacter.png) to a remote server (server_2).
12-03-2025 09:10:13 [dev.gi.by][debug] New queue created #741, attributes values: {"server_id":null,"object_id":"2818","object_name":"","item_type":"attachment","item_hash":null,"item_hash_alternative":null,"result_status":"success","processing_level":"normal","is_backed_up":true,"original_size":2789,"final_size":2789,"original_mime_type":"image\/png","final_mime_type":"image\/png","extra_data":"{\"thumbnails_count\":0,\"original_main_size\":2789,\"class\":\"RIO_Attachment_Extra_Data\"}","created_at":1741759813}
12-03-2025 09:10:13 [dev.gi.by][info] End cron job. Scope: media-library
-------------------------------
12-03-2025 09:15:34 [dev.gi.by][info] Start cron job. Scope: media-library
12-03-2025 09:15:34 [dev.gi.by][info] Preparing to upload a file (D:/OSPanel-6.0.0/home/dev.gi.by/public/wp-content/uploads/2020/07/скинали-min.jpg) to a remote server (server_2).
12-03-2025 09:15:34 [dev.gi.by][debug] New queue created #742, attributes values: {"server_id":null,"object_id":"2821","object_name":"","item_type":"attachment","item_hash":null,"item_hash_alternative":null,"result_status":"success","processing_level":"normal","is_backed_up":true,"original_size":32728,"final_size":32728,"original_mime_type":"image\/jpeg","final_mime_type":"image\/jpeg","extra_data":"{\"thumbnails_count\":0,\"original_main_size\":32728,\"class\":\"RIO_Attachment_Extra_Data\"}","created_at":1741760134}
12-03-2025 09:15:34 [dev.gi.by][info] Preparing to upload a file (D:/OSPanel-6.0.0/home/dev.gi.by/public/wp-content/uploads/2020/07/день-фабрики-2020_1-min.jpg) to a remote server (server_2).
12-03-2025 09:15:35 [dev.gi.by][debug] New queue created #743, attributes values: {"server_id":null,"object_id":"2826","object_name":"","item_type":"attachment","item_hash":null,"item_hash_alternative":null,"result_status":"success","processing_level":"normal","is_backed_up":true,"original_size":137581,"final_size":137581,"original_mime_type":"image\/jpeg","final_mime_type":"image\/jpeg","extra_data":"{\"thumbnails_count\":0,\"original_main_size\":137581,\"class\":\"RIO_Attachment_Extra_Data\"}","created_at":1741760135}
12-03-2025 09:15:35 [dev.gi.by][info] Preparing to upload a file (D:/OSPanel-6.0.0/home/dev.gi.by/public/wp-content/uploads/2020/07/день-фабрики-2020_2-min.jpg) to a remote server (server_2).
12-03-2025 09:15:36 [dev.gi.by][debug] New queue created #744, attributes values: {"server_id":null,"object_id":"2827","object_name":"","item_type":"attachment","item_hash":null,"item_hash_alternative":null,"result_status":"success","processing_level":"normal","is_backed_up":true,"original_size":142759,"final_size":142759,"original_mime_type":"image\/jpeg","final_mime_type":"image\/jpeg","extra_data":"{\"thumbnails_count\":0,\"original_main_size\":142759,\"class\":\"RIO_Attachment_Extra_Data\"}","created_at":1741760136}
12-03-2025 09:15:36 [dev.gi.by][info] End cron job. Scope: media-library
-------------------------------
12-03-2025 09:20:16 [dev.gi.by][info] Start cron job. Scope: media-library
12-03-2025 09:20:16 [dev.gi.by][info] Preparing to upload a file (D:/OSPanel-6.0.0/home/dev.gi.by/public/wp-content/uploads/2020/07/день-фабрики-2020_3-min.jpg) to a remote server (server_2).
12-03-2025 09:20:17 [dev.gi.by][debug] New queue created #745, attributes values: {"server_id":null,"object_id":"2828","object_name":"","item_type":"attachment","item_hash":null,"item_hash_alternative":null,"result_status":"success","processing_level":"normal","is_backed_up":true,"original_size":136339,"final_size":136339,"original_mime_type":"image\/jpeg","final_mime_type":"image\/jpeg","extra_data":"{\"thumbnails_count\":0,\"original_main_size\":136339,\"class\":\"RIO_Attachment_Extra_Data\"}","created_at":1741760417}
12-03-2025 09:20:17 [dev.gi.by][info] Preparing to upload a file (D:/OSPanel-6.0.0/home/dev.gi.by/public/wp-content/uploads/2020/07/день-фабрики-2020_4-min.jpg) to a remote server (server_2).
12-03-2025 09:20:18 [dev.gi.by][debug] New queue created #746, attributes values: {"server_id":null,"object_id":"2829","object_name":"","item_type":"attachment","item_hash":null,"item_hash_alternative":null,"result_status":"success","processing_level":"normal","is_backed_up":true,"original_size":110319,"final_size":110319,"original_mime_type":"image\/jpeg","final_mime_type":"image\/jpeg","extra_data":"{\"thumbnails_count\":0,\"original_main_size\":110319,\"class\":\"RIO_Attachment_Extra_Data\"}","created_at":1741760418}
12-03-2025 09:20:18 [dev.gi.by][info] Preparing to upload a file (D:/OSPanel-6.0.0/home/dev.gi.by/public/wp-content/uploads/2020/07/map1.jpg) to a remote server (server_2).
12-03-2025 09:20:18 [dev.gi.by][debug] New queue created #747, attributes values: {"server_id":null,"object_id":"2830","object_name":"","item_type":"attachment","item_hash":null,"item_hash_alternative":null,"result_status":"success","processing_level":"normal","is_backed_up":true,"original_size":32884,"final_size":32884,"original_mime_type":"image\/jpeg","final_mime_type":"image\/jpeg","extra_data":"{\"thumbnails_count\":0,\"original_main_size\":32884,\"class\":\"RIO_Attachment_Extra_Data\"}","created_at":1741760418}
12-03-2025 09:20:19 [dev.gi.by][info] End cron job. Scope: media-library
-------------------------------
12-03-2025 09:26:29 [dev.gi.by][info] Start cron job. Scope: media-library
12-03-2025 09:26:29 [dev.gi.by][info] Preparing to upload a file (D:/OSPanel-6.0.0/home/dev.gi.by/public/wp-content/uploads/2020/07/map2.jpg) to a remote server (server_2).
12-03-2025 09:26:30 [dev.gi.by][debug] New queue created #748, attributes values: {"server_id":null,"object_id":"2831","object_name":"","item_type":"attachment","item_hash":null,"item_hash_alternative":null,"result_status":"success","processing_level":"normal","is_backed_up":true,"original_size":85421,"final_size":85421,"original_mime_type":"image\/jpeg","final_mime_type":"image\/jpeg","extra_data":"{\"thumbnails_count\":0,\"original_main_size\":85421,\"class\":\"RIO_Attachment_Extra_Data\"}","created_at":1741760790}
12-03-2025 09:26:30 [dev.gi.by][info] Preparing to upload a file (D:/OSPanel-6.0.0/home/dev.gi.by/public/wp-content/uploads/2020/07/baner.jpg) to a remote server (server_2).
12-03-2025 09:26:31 [dev.gi.by][debug] New queue created #749, attributes values: {"server_id":null,"object_id":"2832","object_name":"","item_type":"attachment","item_hash":null,"item_hash_alternative":null,"result_status":"success","processing_level":"normal","is_backed_up":true,"original_size":116691,"final_size":116691,"original_mime_type":"image\/jpeg","final_mime_type":"image\/jpeg","extra_data":"{\"thumbnails_count\":0,\"original_main_size\":116691,\"class\":\"RIO_Attachment_Extra_Data\"}","created_at":1741760791}
12-03-2025 09:26:31 [dev.gi.by][info] Preparing to upload a file (D:/OSPanel-6.0.0/home/dev.gi.by/public/wp-content/uploads/2020/07/tree-nature-grass-plant-sky-field-503831-pxhere.com-.jpg) to a remote server (server_2).
12-03-2025 09:26:32 [dev.gi.by][debug] New queue created #750, attributes values: {"server_id":null,"object_id":"2839","object_name":"","item_type":"attachment","item_hash":null,"item_hash_alternative":null,"result_status":"success","processing_level":"normal","is_backed_up":true,"original_size":25114,"final_size":25114,"original_mime_type":"image\/jpeg","final_mime_type":"image\/jpeg","extra_data":"{\"thumbnails_count\":0,\"original_main_size\":25114,\"class\":\"RIO_Attachment_Extra_Data\"}","created_at":1741760792}
12-03-2025 09:26:32 [dev.gi.by][info] End cron job. Scope: media-library
-------------------------------
12-03-2025 09:30:31 [dev.gi.by][info] Start cron job. Scope: media-library
12-03-2025 09:30:31 [dev.gi.by][info] Preparing to upload a file (D:/OSPanel-6.0.0/home/dev.gi.by/public/wp-content/uploads/2020/07/baner2.jpg) to a remote server (server_2).
12-03-2025 09:30:32 [dev.gi.by][debug] New queue created #751, attributes values: {"server_id":null,"object_id":"2840","object_name":"","item_type":"attachment","item_hash":null,"item_hash_alternative":null,"result_status":"success","processing_level":"normal","is_backed_up":true,"original_size":119213,"final_size":119213,"original_mime_type":"image\/jpeg","final_mime_type":"image\/jpeg","extra_data":"{\"thumbnails_count\":0,\"original_main_size\":119213,\"class\":\"RIO_Attachment_Extra_Data\"}","created_at":1741761032}
12-03-2025 09:30:32 [dev.gi.by][info] Try to create backup directory. Backup dir: (D:/OSPanel-6.0.0/home/dev.gi.by/public/wp-content/uploads/wio_backup/2020/08)
12-03-2025 09:30:33 [dev.gi.by][info] Preparing to upload a file (D:/OSPanel-6.0.0/home/dev.gi.by/public/wp-content/uploads/2020/08/1920х1080-на-gi.by-min.jpg) to a remote server (server_2).
12-03-2025 09:30:34 [dev.gi.by][debug] New queue created #752, attributes values: {"server_id":null,"object_id":"2863","object_name":"","item_type":"attachment","item_hash":null,"item_hash_alternative":null,"result_status":"success","processing_level":"normal","is_backed_up":true,"original_size":156579,"final_size":154090,"original_mime_type":"image\/jpeg","final_mime_type":"image\/jpeg","extra_data":"{\"thumbnails_count\":0,\"original_main_size\":156579,\"class\":\"RIO_Attachment_Extra_Data\"}","created_at":1741761034}
12-03-2025 09:30:34 [dev.gi.by][info] Preparing to upload a file (D:/OSPanel-6.0.0/home/dev.gi.by/public/wp-content/uploads/2020/08/блюм-min.jpg) to a remote server (server_2).
12-03-2025 09:30:35 [dev.gi.by][debug] New queue created #753, attributes values: {"server_id":null,"object_id":"2864","object_name":"","item_type":"attachment","item_hash":null,"item_hash_alternative":null,"result_status":"success","processing_level":"normal","is_backed_up":true,"original_size":87343,"final_size":87343,"original_mime_type":"image\/jpeg","final_mime_type":"image\/jpeg","extra_data":"{\"thumbnails_count\":0,\"original_main_size\":87343,\"class\":\"RIO_Attachment_Extra_Data\"}","created_at":1741761035}
12-03-2025 09:30:35 [dev.gi.by][info] End cron job. Scope: media-library
-------------------------------
12-03-2025 09:37:00 [dev.gi.by][info] Start cron job. Scope: media-library
12-03-2025 09:37:00 [dev.gi.by][info] Preparing to upload a file (D:/OSPanel-6.0.0/home/dev.gi.by/public/wp-content/uploads/2020/08/Коллаж-min.jpg) to a remote server (server_2).
12-03-2025 09:37:01 [dev.gi.by][debug] New queue created #754, attributes values: {"server_id":null,"object_id":"2865","object_name":"","item_type":"attachment","item_hash":null,"item_hash_alternative":null,"result_status":"success","processing_level":"normal","is_backed_up":true,"original_size":65728,"final_size":65728,"original_mime_type":"image\/jpeg","final_mime_type":"image\/jpeg","extra_data":"{\"thumbnails_count\":0,\"original_main_size\":65728,\"class\":\"RIO_Attachment_Extra_Data\"}","created_at":1741761421}
12-03-2025 09:37:01 [dev.gi.by][info] Preparing to upload a file (D:/OSPanel-6.0.0/home/dev.gi.by/public/wp-content/uploads/2020/08/крафт-min.jpg) to a remote server (server_2).
12-03-2025 09:37:02 [dev.gi.by][debug] New queue created #755, attributes values: {"server_id":null,"object_id":"2866","object_name":"","item_type":"attachment","item_hash":null,"item_hash_alternative":null,"result_status":"success","processing_level":"normal","is_backed_up":true,"original_size":131010,"final_size":129085,"original_mime_type":"image\/jpeg","final_mime_type":"image\/jpeg","extra_data":"{\"thumbnails_count\":0,\"original_main_size\":131010,\"class\":\"RIO_Attachment_Extra_Data\"}","created_at":1741761422}
12-03-2025 09:37:02 [dev.gi.by][info] Preparing to upload a file (D:/OSPanel-6.0.0/home/dev.gi.by/public/wp-content/uploads/2020/08/2020-август-min.jpg) to a remote server (server_2).
12-03-2025 09:37:03 [dev.gi.by][debug] New queue created #756, attributes values: {"server_id":null,"object_id":"2890","object_name":"","item_type":"attachment","item_hash":null,"item_hash_alternative":null,"result_status":"success","processing_level":"normal","is_backed_up":true,"original_size":37276,"final_size":37276,"original_mime_type":"image\/jpeg","final_mime_type":"image\/jpeg","extra_data":"{\"thumbnails_count\":0,\"original_main_size\":37276,\"class\":\"RIO_Attachment_Extra_Data\"}","created_at":1741761423}
12-03-2025 09:37:03 [dev.gi.by][info] End cron job. Scope: media-library
-------------------------------
12-03-2025 09:40:15 [dev.gi.by][info] Start cron job. Scope: media-library
12-03-2025 09:40:15 [dev.gi.by][info] Preparing to upload a file (D:/OSPanel-6.0.0/home/dev.gi.by/public/wp-content/uploads/2020/08/xls.png) to a remote server (server_2).
12-03-2025 09:40:15 [dev.gi.by][debug] New queue created #757, attributes values: {"server_id":null,"object_id":"2892","object_name":"","item_type":"attachment","item_hash":null,"item_hash_alternative":null,"result_status":"success","processing_level":"normal","is_backed_up":true,"original_size":1754,"final_size":1514,"original_mime_type":"image\/png","final_mime_type":"image\/png","extra_data":"{\"thumbnails_count\":0,\"original_main_size\":1754,\"class\":\"RIO_Attachment_Extra_Data\"}","created_at":1741761615}
12-03-2025 09:40:15 [dev.gi.by][info] Preparing to upload a file (D:/OSPanel-6.0.0/home/dev.gi.by/public/wp-content/uploads/2020/08/tehno1.jpg) to a remote server (server_2).
12-03-2025 09:40:16 [dev.gi.by][debug] New queue created #758, attributes values: {"server_id":null,"object_id":"2893","object_name":"","item_type":"attachment","item_hash":null,"item_hash_alternative":null,"result_status":"success","processing_level":"normal","is_backed_up":true,"original_size":32199,"final_size":20536,"original_mime_type":"image\/jpeg","final_mime_type":"image\/jpeg","extra_data":"{\"thumbnails_count\":0,\"original_main_size\":32199,\"class\":\"RIO_Attachment_Extra_Data\"}","created_at":1741761616}
12-03-2025 09:40:16 [dev.gi.by][info] Preparing to upload a file (D:/OSPanel-6.0.0/home/dev.gi.by/public/wp-content/uploads/2020/08/1234.png) to a remote server (server_2).
12-03-2025 09:40:17 [dev.gi.by][debug] New queue created #759, attributes values: {"server_id":null,"object_id":"2894","object_name":"","item_type":"attachment","item_hash":null,"item_hash_alternative":null,"result_status":"success","processing_level":"normal","is_backed_up":true,"original_size":3534,"final_size":3294,"original_mime_type":"image\/png","final_mime_type":"image\/png","extra_data":"{\"thumbnails_count\":0,\"original_main_size\":3534,\"class\":\"RIO_Attachment_Extra_Data\"}","created_at":1741761617}
12-03-2025 09:40:17 [dev.gi.by][info] End cron job. Scope: media-library
-------------------------------
12-03-2025 09:46:15 [dev.gi.by][info] Start cron job. Scope: media-library
12-03-2025 09:46:15 [dev.gi.by][info] Preparing to upload a file (D:/OSPanel-6.0.0/home/dev.gi.by/public/wp-content/uploads/2020/08/rassr.png) to a remote server (server_2).
12-03-2025 09:46:15 [dev.gi.by][debug] New queue created #760, attributes values: {"server_id":null,"object_id":"2895","object_name":"","item_type":"attachment","item_hash":null,"item_hash_alternative":null,"result_status":"success","processing_level":"normal","is_backed_up":true,"original_size":4128,"final_size":4128,"original_mime_type":"image\/png","final_mime_type":"image\/png","extra_data":"{\"thumbnails_count\":0,\"original_main_size\":4128,\"class\":\"RIO_Attachment_Extra_Data\"}","created_at":1741761975}
12-03-2025 09:46:15 [dev.gi.by][info] Try to create backup directory. Backup dir: (D:/OSPanel-6.0.0/home/dev.gi.by/public/wp-content/uploads/wio_backup/2020/09)
12-03-2025 09:46:15 [dev.gi.by][info] Preparing to upload a file (D:/OSPanel-6.0.0/home/dev.gi.by/public/wp-content/uploads/2020/09/Geosideal.by-1300x722-min.jpg) to a remote server (server_2).
12-03-2025 09:46:16 [dev.gi.by][debug] New queue created #761, attributes values: {"server_id":null,"object_id":"2916","object_name":"","item_type":"attachment","item_hash":null,"item_hash_alternative":null,"result_status":"success","processing_level":"normal","is_backed_up":true,"original_size":141132,"final_size":141132,"original_mime_type":"image\/jpeg","final_mime_type":"image\/jpeg","extra_data":"{\"thumbnails_count\":0,\"original_main_size\":141132,\"class\":\"RIO_Attachment_Extra_Data\"}","created_at":1741761976}
12-03-2025 09:46:17 [dev.gi.by][info] Preparing to upload a file (D:/OSPanel-6.0.0/home/dev.gi.by/public/wp-content/uploads/2020/09/GI.by-1920х1080-min.jpg) to a remote server (server_2).
12-03-2025 09:46:18 [dev.gi.by][debug] New queue created #762, attributes values: {"server_id":null,"object_id":"2917","object_name":"","item_type":"attachment","item_hash":null,"item_hash_alternative":null,"result_status":"success","processing_level":"normal","is_backed_up":true,"original_size":264116,"final_size":249333,"original_mime_type":"image\/jpeg","final_mime_type":"image\/jpeg","extra_data":"{\"thumbnails_count\":0,\"original_main_size\":264116,\"class\":\"RIO_Attachment_Extra_Data\"}","created_at":1741761978}
12-03-2025 09:46:18 [dev.gi.by][info] End cron job. Scope: media-library
-------------------------------
12-03-2025 09:56:26 [dev.gi.by][info] Start cron job. Scope: media-library
12-03-2025 09:56:26 [dev.gi.by][info] Preparing to upload a file (D:/OSPanel-6.0.0/home/dev.gi.by/public/wp-content/uploads/2020/09/блюм-min.jpg) to a remote server (server_2).
12-03-2025 09:56:27 [dev.gi.by][debug] New queue created #763, attributes values: {"server_id":null,"object_id":"2922","object_name":"","item_type":"attachment","item_hash":null,"item_hash_alternative":null,"result_status":"success","processing_level":"normal","is_backed_up":true,"original_size":106858,"final_size":106858,"original_mime_type":"image\/jpeg","final_mime_type":"image\/jpeg","extra_data":"{\"thumbnails_count\":0,\"original_main_size\":106858,\"class\":\"RIO_Attachment_Extra_Data\"}","created_at":1741762587}
12-03-2025 09:56:27 [dev.gi.by][info] Preparing to upload a file (D:/OSPanel-6.0.0/home/dev.gi.by/public/wp-content/uploads/2020/09/крафтт-min.jpg) to a remote server (server_2).
12-03-2025 09:56:28 [dev.gi.by][debug] New queue created #764, attributes values: {"server_id":null,"object_id":"2923","object_name":"","item_type":"attachment","item_hash":null,"item_hash_alternative":null,"result_status":"success","processing_level":"normal","is_backed_up":true,"original_size":148874,"final_size":143918,"original_mime_type":"image\/jpeg","final_mime_type":"image\/jpeg","extra_data":"{\"thumbnails_count\":0,\"original_main_size\":148874,\"class\":\"RIO_Attachment_Extra_Data\"}","created_at":1741762588}
12-03-2025 09:56:28 [dev.gi.by][info] Preparing to upload a file (D:/OSPanel-6.0.0/home/dev.gi.by/public/wp-content/uploads/2020/09/блюм-min-1.jpg) to a remote server (server_2).
12-03-2025 09:56:29 [dev.gi.by][debug] New queue created #765, attributes values: {"server_id":null,"object_id":"2924","object_name":"","item_type":"attachment","item_hash":null,"item_hash_alternative":null,"result_status":"success","processing_level":"normal","is_backed_up":true,"original_size":106858,"final_size":106858,"original_mime_type":"image\/jpeg","final_mime_type":"image\/jpeg","extra_data":"{\"thumbnails_count\":0,\"original_main_size\":106858,\"class\":\"RIO_Attachment_Extra_Data\"}","created_at":1741762589}
12-03-2025 09:56:29 [dev.gi.by][info] End cron job. Scope: media-library
-------------------------------
12-03-2025 10:00:38 [dev.gi.by][info] Start cron job. Scope: media-library
12-03-2025 10:00:38 [dev.gi.by][info] Preparing to upload a file (D:/OSPanel-6.0.0/home/dev.gi.by/public/wp-content/uploads/2020/09/крафтт-min-1.jpg) to a remote server (server_2).
12-03-2025 10:00:39 [dev.gi.by][debug] New queue created #766, attributes values: {"server_id":null,"object_id":"2925","object_name":"","item_type":"attachment","item_hash":null,"item_hash_alternative":null,"result_status":"success","processing_level":"normal","is_backed_up":true,"original_size":148874,"final_size":143918,"original_mime_type":"image\/jpeg","final_mime_type":"image\/jpeg","extra_data":"{\"thumbnails_count\":0,\"original_main_size\":148874,\"class\":\"RIO_Attachment_Extra_Data\"}","created_at":1741762839}
12-03-2025 10:00:39 [dev.gi.by][info] Preparing to upload a file (D:/OSPanel-6.0.0/home/dev.gi.by/public/wp-content/uploads/2020/09/Полкодержатель-для-стекла.jpg) to a remote server (server_2).
12-03-2025 10:00:40 [dev.gi.by][debug] New queue created #767, attributes values: {"server_id":null,"object_id":"2929","object_name":"","item_type":"attachment","item_hash":null,"item_hash_alternative":null,"result_status":"success","processing_level":"normal","is_backed_up":true,"original_size":32658,"final_size":32418,"original_mime_type":"image\/jpeg","final_mime_type":"image\/jpeg","extra_data":"{\"thumbnails_count\":0,\"original_main_size\":32658,\"class\":\"RIO_Attachment_Extra_Data\"}","created_at":1741762840}
12-03-2025 10:00:40 [dev.gi.by][info] Preparing to upload a file (D:/OSPanel-6.0.0/home/dev.gi.by/public/wp-content/uploads/2020/09/Полкодержатель-для-стекла-min-1.jpg) to a remote server (server_2).
12-03-2025 10:00:41 [dev.gi.by][debug] New queue created #768, attributes values: {"server_id":null,"object_id":"2930","object_name":"","item_type":"attachment","item_hash":null,"item_hash_alternative":null,"result_status":"success","processing_level":"normal","is_backed_up":true,"original_size":39519,"final_size":39519,"original_mime_type":"image\/jpeg","final_mime_type":"image\/jpeg","extra_data":"{\"thumbnails_count\":0,\"original_main_size\":39519,\"class\":\"RIO_Attachment_Extra_Data\"}","created_at":1741762841}
12-03-2025 10:00:41 [dev.gi.by][info] End cron job. Scope: media-library
-------------------------------
12-03-2025 10:16:23 [dev.gi.by][info] Start cron job. Scope: media-library
12-03-2025 10:16:23 [dev.gi.by][info] Preparing to upload a file (D:/OSPanel-6.0.0/home/dev.gi.by/public/wp-content/uploads/2019/12/cropped-medal-1.png) to a remote server (server_2).
12-03-2025 10:16:24 [dev.gi.by][debug] New queue created #769, attributes values: {"server_id":null,"object_id":"2966","object_name":"","item_type":"attachment","item_hash":null,"item_hash_alternative":null,"result_status":"success","processing_level":"normal","is_backed_up":true,"original_size":24247,"final_size":24004,"original_mime_type":"image\/png","final_mime_type":"image\/png","extra_data":"{\"thumbnails_count\":0,\"original_main_size\":24247,\"class\":\"RIO_Attachment_Extra_Data\"}","created_at":1741763784}
12-03-2025 10:16:24 [dev.gi.by][info] Preparing to upload a file (D:/OSPanel-6.0.0/home/dev.gi.by/public/wp-content/uploads/2019/12/cropped-medal-2.png) to a remote server (server_2).
12-03-2025 10:16:24 [dev.gi.by][debug] New queue created #770, attributes values: {"server_id":null,"object_id":"2967","object_name":"","item_type":"attachment","item_hash":null,"item_hash_alternative":null,"result_status":"success","processing_level":"normal","is_backed_up":true,"original_size":22737,"final_size":22496,"original_mime_type":"image\/png","final_mime_type":"image\/png","extra_data":"{\"thumbnails_count\":0,\"original_main_size\":22737,\"class\":\"RIO_Attachment_Extra_Data\"}","created_at":1741763784}
12-03-2025 10:16:24 [dev.gi.by][info] Preparing to upload a file (D:/OSPanel-6.0.0/home/dev.gi.by/public/wp-content/uploads/2020/09/favicon2.png) to a remote server (server_2).
12-03-2025 10:16:25 [dev.gi.by][debug] New queue created #771, attributes values: {"server_id":null,"object_id":"2969","object_name":"","item_type":"attachment","item_hash":null,"item_hash_alternative":null,"result_status":"success","processing_level":"normal","is_backed_up":true,"original_size":2597,"final_size":2357,"original_mime_type":"image\/png","final_mime_type":"image\/png","extra_data":"{\"thumbnails_count\":0,\"original_main_size\":2597,\"class\":\"RIO_Attachment_Extra_Data\"}","created_at":1741763785}
12-03-2025 10:16:25 [dev.gi.by][info] End cron job. Scope: media-library
-------------------------------
12-03-2025 10:20:35 [dev.gi.by][info] Start cron job. Scope: media-library
12-03-2025 10:20:35 [dev.gi.by][info] Preparing to upload a file (D:/OSPanel-6.0.0/home/dev.gi.by/public/wp-content/uploads/2020/09/cropped-favicon2.png) to a remote server (server_2).
12-03-2025 10:20:36 [dev.gi.by][debug] New queue created #772, attributes values: {"server_id":null,"object_id":"2970","object_name":"","item_type":"attachment","item_hash":null,"item_hash_alternative":null,"result_status":"success","processing_level":"normal","is_backed_up":true,"original_size":26135,"final_size":25893,"original_mime_type":"image\/png","final_mime_type":"image\/png","extra_data":"{\"thumbnails_count\":0,\"original_main_size\":26135,\"class\":\"RIO_Attachment_Extra_Data\"}","created_at":1741764036}
12-03-2025 10:20:36 [dev.gi.by][info] Preparing to upload a file (D:/OSPanel-6.0.0/home/dev.gi.by/public/wp-content/uploads/2020/09/Modo-36-anthracite-min.jpg) to a remote server (server_2).
12-03-2025 10:20:37 [dev.gi.by][debug] New queue created #773, attributes values: {"server_id":null,"object_id":"2973","object_name":"","item_type":"attachment","item_hash":null,"item_hash_alternative":null,"result_status":"success","processing_level":"normal","is_backed_up":true,"original_size":156359,"final_size":156359,"original_mime_type":"image\/jpeg","final_mime_type":"image\/jpeg","extra_data":"{\"thumbnails_count\":0,\"original_main_size\":156359,\"class\":\"RIO_Attachment_Extra_Data\"}","created_at":1741764037}
12-03-2025 10:20:37 [dev.gi.by][info] Preparing to upload a file (D:/OSPanel-6.0.0/home/dev.gi.by/public/wp-content/uploads/2020/09/Без-имени-1.png) to a remote server (server_2).
12-03-2025 10:20:38 [dev.gi.by][debug] New queue created #774, attributes values: {"server_id":null,"object_id":"2975","object_name":"","item_type":"attachment","item_hash":null,"item_hash_alternative":null,"result_status":"success","processing_level":"normal","is_backed_up":true,"original_size":86214,"final_size":86047,"original_mime_type":"image\/png","final_mime_type":"image\/png","extra_data":"{\"thumbnails_count\":0,\"original_main_size\":86214,\"class\":\"RIO_Attachment_Extra_Data\"}","created_at":1741764038}
12-03-2025 10:20:38 [dev.gi.by][info] End cron job. Scope: media-library
-------------------------------
12-03-2025 10:25:38 [dev.gi.by][info] Start cron job. Scope: media-library
12-03-2025 10:25:38 [dev.gi.by][info] Preparing to upload a file (D:/OSPanel-6.0.0/home/dev.gi.by/public/wp-content/uploads/2020/09/Без-имени-1-1.png) to a remote server (server_2).
12-03-2025 10:25:39 [dev.gi.by][debug] New queue created #775, attributes values: {"server_id":null,"object_id":"2977","object_name":"","item_type":"attachment","item_hash":null,"item_hash_alternative":null,"result_status":"success","processing_level":"normal","is_backed_up":true,"original_size":86214,"final_size":86047,"original_mime_type":"image\/png","final_mime_type":"image\/png","extra_data":"{\"thumbnails_count\":0,\"original_main_size\":86214,\"class\":\"RIO_Attachment_Extra_Data\"}","created_at":1741764339}
12-03-2025 10:25:39 [dev.gi.by][info] Preparing to upload a file (D:/OSPanel-6.0.0/home/dev.gi.by/public/wp-content/uploads/2020/09/7.jpg) to a remote server (server_2).
12-03-2025 10:25:40 [dev.gi.by][debug] New queue created #776, attributes values: {"server_id":null,"object_id":"2981","object_name":"","item_type":"attachment","item_hash":null,"item_hash_alternative":null,"result_status":"success","processing_level":"normal","is_backed_up":true,"original_size":56017,"final_size":55777,"original_mime_type":"image\/jpeg","final_mime_type":"image\/jpeg","extra_data":"{\"thumbnails_count\":0,\"original_main_size\":56017,\"class\":\"RIO_Attachment_Extra_Data\"}","created_at":1741764340}
12-03-2025 10:25:40 [dev.gi.by][info] Preparing to upload a file (D:/OSPanel-6.0.0/home/dev.gi.by/public/wp-content/uploads/2020/09/9.jpg) to a remote server (server_2).
12-03-2025 10:25:41 [dev.gi.by][debug] New queue created #777, attributes values: {"server_id":null,"object_id":"2982","object_name":"","item_type":"attachment","item_hash":null,"item_hash_alternative":null,"result_status":"success","processing_level":"normal","is_backed_up":true,"original_size":44206,"final_size":43966,"original_mime_type":"image\/jpeg","final_mime_type":"image\/jpeg","extra_data":"{\"thumbnails_count\":0,\"original_main_size\":44206,\"class\":\"RIO_Attachment_Extra_Data\"}","created_at":1741764341}
12-03-2025 10:25:41 [dev.gi.by][info] End cron job. Scope: media-library
-------------------------------
12-03-2025 10:30:20 [dev.gi.by][info] Start cron job. Scope: media-library
12-03-2025 10:30:20 [dev.gi.by][info] Preparing to upload a file (D:/OSPanel-6.0.0/home/dev.gi.by/public/wp-content/uploads/2020/09/10.jpg) to a remote server (server_2).
12-03-2025 10:30:21 [dev.gi.by][debug] New queue created #778, attributes values: {"server_id":null,"object_id":"2983","object_name":"","item_type":"attachment","item_hash":null,"item_hash_alternative":null,"result_status":"success","processing_level":"normal","is_backed_up":true,"original_size":26766,"final_size":26526,"original_mime_type":"image\/jpeg","final_mime_type":"image\/jpeg","extra_data":"{\"thumbnails_count\":0,\"original_main_size\":26766,\"class\":\"RIO_Attachment_Extra_Data\"}","created_at":1741764621}
12-03-2025 10:30:21 [dev.gi.by][info] Preparing to upload a file (D:/OSPanel-6.0.0/home/dev.gi.by/public/wp-content/uploads/2020/09/8.jpg) to a remote server (server_2).
12-03-2025 10:30:22 [dev.gi.by][debug] New queue created #779, attributes values: {"server_id":null,"object_id":"2984","object_name":"","item_type":"attachment","item_hash":null,"item_hash_alternative":null,"result_status":"success","processing_level":"normal","is_backed_up":true,"original_size":23361,"final_size":23121,"original_mime_type":"image\/jpeg","final_mime_type":"image\/jpeg","extra_data":"{\"thumbnails_count\":0,\"original_main_size\":23361,\"class\":\"RIO_Attachment_Extra_Data\"}","created_at":1741764622}
12-03-2025 10:30:22 [dev.gi.by][info] Preparing to upload a file (D:/OSPanel-6.0.0/home/dev.gi.by/public/wp-content/uploads/2020/09/11.jpg) to a remote server (server_2).
12-03-2025 10:30:22 [dev.gi.by][debug] New queue created #780, attributes values: {"server_id":null,"object_id":"2985","object_name":"","item_type":"attachment","item_hash":null,"item_hash_alternative":null,"result_status":"success","processing_level":"normal","is_backed_up":true,"original_size":38309,"final_size":38069,"original_mime_type":"image\/jpeg","final_mime_type":"image\/jpeg","extra_data":"{\"thumbnails_count\":0,\"original_main_size\":38309,\"class\":\"RIO_Attachment_Extra_Data\"}","created_at":1741764622}
12-03-2025 10:30:22 [dev.gi.by][info] End cron job. Scope: media-library
-------------------------------
12-03-2025 10:35:24 [dev.gi.by][info] Start cron job. Scope: media-library
12-03-2025 10:35:25 [dev.gi.by][info] Preparing to upload a file (D:/OSPanel-6.0.0/home/dev.gi.by/public/wp-content/uploads/2020/09/10-1.jpg) to a remote server (server_2).
12-03-2025 10:35:26 [dev.gi.by][debug] New queue created #781, attributes values: {"server_id":null,"object_id":"2986","object_name":"","item_type":"attachment","item_hash":null,"item_hash_alternative":null,"result_status":"success","processing_level":"normal","is_backed_up":true,"original_size":1765432,"final_size":318640,"original_mime_type":"image\/jpeg","final_mime_type":"image\/jpeg","extra_data":"{\"thumbnails_count\":0,\"original_main_size\":1765432,\"class\":\"RIO_Attachment_Extra_Data\"}","created_at":1741764926}
12-03-2025 10:35:26 [dev.gi.by][info] Preparing to upload a file (D:/OSPanel-6.0.0/home/dev.gi.by/public/wp-content/uploads/2020/09/12.jpg) to a remote server (server_2).
12-03-2025 10:35:27 [dev.gi.by][debug] New queue created #782, attributes values: {"server_id":null,"object_id":"2987","object_name":"","item_type":"attachment","item_hash":null,"item_hash_alternative":null,"result_status":"success","processing_level":"normal","is_backed_up":true,"original_size":53920,"final_size":53920,"original_mime_type":"image\/jpeg","final_mime_type":"image\/jpeg","extra_data":"{\"thumbnails_count\":0,\"original_main_size\":53920,\"class\":\"RIO_Attachment_Extra_Data\"}","created_at":1741764927}
12-03-2025 10:35:27 [dev.gi.by][info] Preparing to upload a file (D:/OSPanel-6.0.0/home/dev.gi.by/public/wp-content/uploads/2020/09/1.jpg) to a remote server (server_2).
12-03-2025 10:35:28 [dev.gi.by][debug] New queue created #783, attributes values: {"server_id":null,"object_id":"3049","object_name":"","item_type":"attachment","item_hash":null,"item_hash_alternative":null,"result_status":"success","processing_level":"normal","is_backed_up":true,"original_size":3765,"final_size":3765,"original_mime_type":"image\/jpeg","final_mime_type":"image\/jpeg","extra_data":"{\"thumbnails_count\":0,\"original_main_size\":3765,\"class\":\"RIO_Attachment_Extra_Data\"}","created_at":1741764928}
12-03-2025 10:35:28 [dev.gi.by][info] End cron job. Scope: media-library
-------------------------------
12-03-2025 10:41:21 [dev.gi.by][info] Start cron job. Scope: media-library
12-03-2025 10:41:21 [dev.gi.by][info] Preparing to upload a file (D:/OSPanel-6.0.0/home/dev.gi.by/public/wp-content/uploads/2020/09/1-1.jpg) to a remote server (server_2).
12-03-2025 10:41:22 [dev.gi.by][debug] New queue created #784, attributes values: {"server_id":null,"object_id":"3050","object_name":"","item_type":"attachment","item_hash":null,"item_hash_alternative":null,"result_status":"success","processing_level":"normal","is_backed_up":true,"original_size":3742,"final_size":3742,"original_mime_type":"image\/jpeg","final_mime_type":"image\/jpeg","extra_data":"{\"thumbnails_count\":0,\"original_main_size\":3742,\"class\":\"RIO_Attachment_Extra_Data\"}","created_at":1741765282}
12-03-2025 10:41:22 [dev.gi.by][info] Try to create backup directory. Backup dir: (D:/OSPanel-6.0.0/home/dev.gi.by/public/wp-content/uploads/wio_backup/2020/10)
12-03-2025 10:41:22 [dev.gi.by][info] Preparing to upload a file (D:/OSPanel-6.0.0/home/dev.gi.by/public/wp-content/uploads/2020/10/Баннер-gi_by-min.jpg) to a remote server (server_2).
12-03-2025 10:41:23 [dev.gi.by][debug] New queue created #785, attributes values: {"server_id":null,"object_id":"3055","object_name":"","item_type":"attachment","item_hash":null,"item_hash_alternative":null,"result_status":"success","processing_level":"normal","is_backed_up":true,"original_size":156621,"final_size":156621,"original_mime_type":"image\/jpeg","final_mime_type":"image\/jpeg","extra_data":"{\"thumbnails_count\":0,\"original_main_size\":156621,\"class\":\"RIO_Attachment_Extra_Data\"}","created_at":1741765283}
12-03-2025 10:41:23 [dev.gi.by][info] Preparing to upload a file (D:/OSPanel-6.0.0/home/dev.gi.by/public/wp-content/uploads/2020/10/блюм-min.jpg) to a remote server (server_2).
12-03-2025 10:41:24 [dev.gi.by][debug] New queue created #786, attributes values: {"server_id":null,"object_id":"3056","object_name":"","item_type":"attachment","item_hash":null,"item_hash_alternative":null,"result_status":"success","processing_level":"normal","is_backed_up":true,"original_size":106858,"final_size":106858,"original_mime_type":"image\/jpeg","final_mime_type":"image\/jpeg","extra_data":"{\"thumbnails_count\":0,\"original_main_size\":106858,\"class\":\"RIO_Attachment_Extra_Data\"}","created_at":1741765284}
12-03-2025 10:41:24 [dev.gi.by][info] End cron job. Scope: media-library
-------------------------------
12-03-2025 10:45:23 [dev.gi.by][info] Start cron job. Scope: media-library
12-03-2025 10:45:23 [dev.gi.by][info] Preparing to upload a file (D:/OSPanel-6.0.0/home/dev.gi.by/public/wp-content/uploads/2020/10/крафтт-min.jpg) to a remote server (server_2).
12-03-2025 10:45:24 [dev.gi.by][debug] New queue created #787, attributes values: {"server_id":null,"object_id":"3057","object_name":"","item_type":"attachment","item_hash":null,"item_hash_alternative":null,"result_status":"success","processing_level":"normal","is_backed_up":true,"original_size":148874,"final_size":143918,"original_mime_type":"image\/jpeg","final_mime_type":"image\/jpeg","extra_data":"{\"thumbnails_count\":0,\"original_main_size\":148874,\"class\":\"RIO_Attachment_Extra_Data\"}","created_at":1741765524}
12-03-2025 10:45:25 [dev.gi.by][info] Preparing to upload a file (D:/OSPanel-6.0.0/home/dev.gi.by/public/wp-content/uploads/2020/10/блюм-min-1.jpg) to a remote server (server_2).
12-03-2025 10:45:26 [dev.gi.by][debug] New queue created #788, attributes values: {"server_id":null,"object_id":"3058","object_name":"","item_type":"attachment","item_hash":null,"item_hash_alternative":null,"result_status":"success","processing_level":"normal","is_backed_up":true,"original_size":116617,"final_size":116617,"original_mime_type":"image\/jpeg","final_mime_type":"image\/jpeg","extra_data":"{\"thumbnails_count\":0,\"original_main_size\":116617,\"class\":\"RIO_Attachment_Extra_Data\"}","created_at":1741765526}
12-03-2025 10:45:26 [dev.gi.by][info] Preparing to upload a file (D:/OSPanel-6.0.0/home/dev.gi.by/public/wp-content/uploads/2020/10/крафтт-min-1.jpg) to a remote server (server_2).
12-03-2025 10:45:27 [dev.gi.by][debug] New queue created #789, attributes values: {"server_id":null,"object_id":"3059","object_name":"","item_type":"attachment","item_hash":null,"item_hash_alternative":null,"result_status":"success","processing_level":"normal","is_backed_up":true,"original_size":160360,"final_size":154726,"original_mime_type":"image\/jpeg","final_mime_type":"image\/jpeg","extra_data":"{\"thumbnails_count\":0,\"original_main_size\":160360,\"class\":\"RIO_Attachment_Extra_Data\"}","created_at":1741765527}
12-03-2025 10:45:27 [dev.gi.by][info] End cron job. Scope: media-library
-------------------------------
12-03-2025 10:53:57 [dev.gi.by][info] Start cron job. Scope: media-library
12-03-2025 10:53:57 [dev.gi.by][info] Preparing to upload a file (D:/OSPanel-6.0.0/home/dev.gi.by/public/wp-content/uploads/2020/10/Баннер-gi_by-min-1.jpg) to a remote server (server_2).
12-03-2025 10:53:58 [dev.gi.by][debug] New queue created #790, attributes values: {"server_id":null,"object_id":"3062","object_name":"","item_type":"attachment","item_hash":null,"item_hash_alternative":null,"result_status":"success","processing_level":"normal","is_backed_up":true,"original_size":176890,"final_size":176890,"original_mime_type":"image\/jpeg","final_mime_type":"image\/jpeg","extra_data":"{\"thumbnails_count\":0,\"original_main_size\":176890,\"class\":\"RIO_Attachment_Extra_Data\"}","created_at":1741766038}
12-03-2025 10:53:58 [dev.gi.by][info] Preparing to upload a file (D:/OSPanel-6.0.0/home/dev.gi.by/public/wp-content/uploads/2020/10/блюм-min-2.jpg) to a remote server (server_2).
12-03-2025 10:53:59 [dev.gi.by][debug] New queue created #791, attributes values: {"server_id":null,"object_id":"3063","object_name":"","item_type":"attachment","item_hash":null,"item_hash_alternative":null,"result_status":"success","processing_level":"normal","is_backed_up":true,"original_size":105250,"final_size":105250,"original_mime_type":"image\/jpeg","final_mime_type":"image\/jpeg","extra_data":"{\"thumbnails_count\":0,\"original_main_size\":105250,\"class\":\"RIO_Attachment_Extra_Data\"}","created_at":1741766039}
12-03-2025 10:54:00 [dev.gi.by][info] Preparing to upload a file (D:/OSPanel-6.0.0/home/dev.gi.by/public/wp-content/uploads/2020/10/крафтт-min-2.jpg) to a remote server (server_2).
12-03-2025 10:54:00 [dev.gi.by][debug] New queue created #792, attributes values: {"server_id":null,"object_id":"3064","object_name":"","item_type":"attachment","item_hash":null,"item_hash_alternative":null,"result_status":"success","processing_level":"normal","is_backed_up":true,"original_size":148707,"final_size":141729,"original_mime_type":"image\/jpeg","final_mime_type":"image\/jpeg","extra_data":"{\"thumbnails_count\":0,\"original_main_size\":148707,\"class\":\"RIO_Attachment_Extra_Data\"}","created_at":1741766040}
12-03-2025 10:54:01 [dev.gi.by][info] End cron job. Scope: media-library
-------------------------------
12-03-2025 10:56:58 [dev.gi.by][info] Start cron job. Scope: media-library
12-03-2025 10:56:58 [dev.gi.by][info] Preparing to upload a file (D:/OSPanel-6.0.0/home/dev.gi.by/public/wp-content/uploads/2020/10/new.png) to a remote server (server_2).
12-03-2025 10:56:59 [dev.gi.by][debug] New queue created #793, attributes values: {"server_id":null,"object_id":"3066","object_name":"","item_type":"attachment","item_hash":null,"item_hash_alternative":null,"result_status":"success","processing_level":"normal","is_backed_up":true,"original_size":449,"final_size":449,"original_mime_type":"image\/png","final_mime_type":"image\/png","extra_data":"{\"thumbnails_count\":0,\"original_main_size\":449,\"class\":\"RIO_Attachment_Extra_Data\"}","created_at":1741766219}
12-03-2025 10:56:59 [dev.gi.by][info] Preparing to upload a file (D:/OSPanel-6.0.0/home/dev.gi.by/public/wp-content/uploads/2020/10/1.jpg) to a remote server (server_2).
12-03-2025 10:57:00 [dev.gi.by][debug] New queue created #794, attributes values: {"server_id":null,"object_id":"3073","object_name":"","item_type":"attachment","item_hash":null,"item_hash_alternative":null,"result_status":"success","processing_level":"normal","is_backed_up":true,"original_size":195429,"final_size":195429,"original_mime_type":"image\/jpeg","final_mime_type":"image\/jpeg","extra_data":"{\"thumbnails_count\":0,\"original_main_size\":195429,\"class\":\"RIO_Attachment_Extra_Data\"}","created_at":1741766220}
12-03-2025 10:57:00 [dev.gi.by][info] Preparing to upload a file (D:/OSPanel-6.0.0/home/dev.gi.by/public/wp-content/uploads/2020/10/2.jpg) to a remote server (server_2).
12-03-2025 10:57:01 [dev.gi.by][debug] New queue created #795, attributes values: {"server_id":null,"object_id":"3074","object_name":"","item_type":"attachment","item_hash":null,"item_hash_alternative":null,"result_status":"success","processing_level":"normal","is_backed_up":true,"original_size":206781,"final_size":206781,"original_mime_type":"image\/jpeg","final_mime_type":"image\/jpeg","extra_data":"{\"thumbnails_count\":0,\"original_main_size\":206781,\"class\":\"RIO_Attachment_Extra_Data\"}","created_at":1741766221}
12-03-2025 10:57:01 [dev.gi.by][info] End cron job. Scope: media-library
-------------------------------
12-03-2025 11:01:00 [dev.gi.by][info] Start cron job. Scope: media-library
12-03-2025 11:01:01 [dev.gi.by][info] Preparing to upload a file (D:/OSPanel-6.0.0/home/dev.gi.by/public/wp-content/uploads/2020/10/3.jpg) to a remote server (server_2).
12-03-2025 11:01:02 [dev.gi.by][debug] New queue created #796, attributes values: {"server_id":null,"object_id":"3075","object_name":"","item_type":"attachment","item_hash":null,"item_hash_alternative":null,"result_status":"success","processing_level":"normal","is_backed_up":true,"original_size":169316,"final_size":169316,"original_mime_type":"image\/jpeg","final_mime_type":"image\/jpeg","extra_data":"{\"thumbnails_count\":0,\"original_main_size\":169316,\"class\":\"RIO_Attachment_Extra_Data\"}","created_at":1741766462}
12-03-2025 11:01:02 [dev.gi.by][info] Preparing to upload a file (D:/OSPanel-6.0.0/home/dev.gi.by/public/wp-content/uploads/2020/10/4.jpg) to a remote server (server_2).
12-03-2025 11:01:03 [dev.gi.by][debug] New queue created #797, attributes values: {"server_id":null,"object_id":"3078","object_name":"","item_type":"attachment","item_hash":null,"item_hash_alternative":null,"result_status":"success","processing_level":"normal","is_backed_up":true,"original_size":287528,"final_size":287286,"original_mime_type":"image\/jpeg","final_mime_type":"image\/jpeg","extra_data":"{\"thumbnails_count\":0,\"original_main_size\":287528,\"class\":\"RIO_Attachment_Extra_Data\"}","created_at":1741766463}
12-03-2025 11:01:03 [dev.gi.by][info] Preparing to upload a file (D:/OSPanel-6.0.0/home/dev.gi.by/public/wp-content/uploads/2020/10/5.jpg) to a remote server (server_2).
12-03-2025 11:01:04 [dev.gi.by][debug] New queue created #798, attributes values: {"server_id":null,"object_id":"3080","object_name":"","item_type":"attachment","item_hash":null,"item_hash_alternative":null,"result_status":"success","processing_level":"normal","is_backed_up":true,"original_size":203440,"final_size":203440,"original_mime_type":"image\/jpeg","final_mime_type":"image\/jpeg","extra_data":"{\"thumbnails_count\":0,\"original_main_size\":203440,\"class\":\"RIO_Attachment_Extra_Data\"}","created_at":1741766464}
12-03-2025 11:01:04 [dev.gi.by][info] End cron job. Scope: media-library
-------------------------------
12-03-2025 11:10:30 [dev.gi.by][info] Start cron job. Scope: media-library
12-03-2025 11:10:30 [dev.gi.by][info] Preparing to upload a file (D:/OSPanel-6.0.0/home/dev.gi.by/public/wp-content/uploads/2020/10/7.jpg) to a remote server (server_2).
12-03-2025 11:10:31 [dev.gi.by][debug] New queue created #799, attributes values: {"server_id":null,"object_id":"3082","object_name":"","item_type":"attachment","item_hash":null,"item_hash_alternative":null,"result_status":"success","processing_level":"normal","is_backed_up":true,"original_size":175907,"final_size":175907,"original_mime_type":"image\/jpeg","final_mime_type":"image\/jpeg","extra_data":"{\"thumbnails_count\":0,\"original_main_size\":175907,\"class\":\"RIO_Attachment_Extra_Data\"}","created_at":1741767031}
12-03-2025 11:10:31 [dev.gi.by][info] Preparing to upload a file (D:/OSPanel-6.0.0/home/dev.gi.by/public/wp-content/uploads/2020/10/8.jpg) to a remote server (server_2).
12-03-2025 11:10:32 [dev.gi.by][debug] New queue created #800, attributes values: {"server_id":null,"object_id":"3083","object_name":"","item_type":"attachment","item_hash":null,"item_hash_alternative":null,"result_status":"success","processing_level":"normal","is_backed_up":true,"original_size":234812,"final_size":234812,"original_mime_type":"image\/jpeg","final_mime_type":"image\/jpeg","extra_data":"{\"thumbnails_count\":0,\"original_main_size\":234812,\"class\":\"RIO_Attachment_Extra_Data\"}","created_at":1741767032}
12-03-2025 11:10:32 [dev.gi.by][info] Preparing to upload a file (D:/OSPanel-6.0.0/home/dev.gi.by/public/wp-content/uploads/2020/10/6.jpg) to a remote server (server_2).
12-03-2025 11:10:33 [dev.gi.by][debug] New queue created #801, attributes values: {"server_id":null,"object_id":"3085","object_name":"","item_type":"attachment","item_hash":null,"item_hash_alternative":null,"result_status":"success","processing_level":"normal","is_backed_up":true,"original_size":151112,"final_size":151112,"original_mime_type":"image\/jpeg","final_mime_type":"image\/jpeg","extra_data":"{\"thumbnails_count\":0,\"original_main_size\":151112,\"class\":\"RIO_Attachment_Extra_Data\"}","created_at":1741767033}
12-03-2025 11:10:33 [dev.gi.by][info] End cron job. Scope: media-library
-------------------------------
12-03-2025 11:16:41 [dev.gi.by][info] Start cron job. Scope: media-library
12-03-2025 11:16:41 [dev.gi.by][info] Preparing to upload a file (D:/OSPanel-6.0.0/home/dev.gi.by/public/wp-content/uploads/2020/10/6-1.jpg) to a remote server (server_2).
12-03-2025 11:16:43 [dev.gi.by][debug] New queue created #802, attributes values: {"server_id":null,"object_id":"3086","object_name":"","item_type":"attachment","item_hash":null,"item_hash_alternative":null,"result_status":"success","processing_level":"normal","is_backed_up":true,"original_size":151112,"final_size":151112,"original_mime_type":"image\/jpeg","final_mime_type":"image\/jpeg","extra_data":"{\"thumbnails_count\":0,\"original_main_size\":151112,\"class\":\"RIO_Attachment_Extra_Data\"}","created_at":1741767403}
12-03-2025 11:16:43 [dev.gi.by][info] Preparing to upload a file (D:/OSPanel-6.0.0/home/dev.gi.by/public/wp-content/uploads/2020/10/bangi.jpg) to a remote server (server_2).
12-03-2025 11:16:44 [dev.gi.by][debug] New queue created #803, attributes values: {"server_id":null,"object_id":"3090","object_name":"","item_type":"attachment","item_hash":null,"item_hash_alternative":null,"result_status":"success","processing_level":"normal","is_backed_up":true,"original_size":220723,"final_size":214086,"original_mime_type":"image\/jpeg","final_mime_type":"image\/jpeg","extra_data":"{\"thumbnails_count\":0,\"original_main_size\":220723,\"class\":\"RIO_Attachment_Extra_Data\"}","created_at":1741767404}
12-03-2025 11:16:44 [dev.gi.by][info] Preparing to upload a file (D:/OSPanel-6.0.0/home/dev.gi.by/public/wp-content/uploads/2020/10/Фреда-с-гола-профилем-min.jpg) to a remote server (server_2).
12-03-2025 11:16:45 [dev.gi.by][debug] New queue created #804, attributes values: {"server_id":null,"object_id":"3093","object_name":"","item_type":"attachment","item_hash":null,"item_hash_alternative":null,"result_status":"success","processing_level":"normal","is_backed_up":true,"original_size":58367,"final_size":58367,"original_mime_type":"image\/jpeg","final_mime_type":"image\/jpeg","extra_data":"{\"thumbnails_count\":0,\"original_main_size\":58367,\"class\":\"RIO_Attachment_Extra_Data\"}","created_at":1741767405}
12-03-2025 11:16:45 [dev.gi.by][info] End cron job. Scope: media-library
-------------------------------
12-03-2025 11:20:43 [dev.gi.by][info] Start cron job. Scope: media-library
12-03-2025 11:20:43 [dev.gi.by][info] Try to create backup directory. Backup dir: (D:/OSPanel-6.0.0/home/dev.gi.by/public/wp-content/uploads/wio_backup/2020/11)
12-03-2025 11:20:44 [dev.gi.by][info] Preparing to upload a file (D:/OSPanel-6.0.0/home/dev.gi.by/public/wp-content/uploads/2020/11/1920х1080-на-gi.by-min.jpg) to a remote server (server_2).
12-03-2025 11:20:45 [dev.gi.by][debug] New queue created #805, attributes values: {"server_id":null,"object_id":"3094","object_name":"","item_type":"attachment","item_hash":null,"item_hash_alternative":null,"result_status":"success","processing_level":"normal","is_backed_up":true,"original_size":164766,"final_size":164766,"original_mime_type":"image\/jpeg","final_mime_type":"image\/jpeg","extra_data":"{\"thumbnails_count\":0,\"original_main_size\":164766,\"class\":\"RIO_Attachment_Extra_Data\"}","created_at":1741767645}
12-03-2025 11:20:45 [dev.gi.by][info] Preparing to upload a file (D:/OSPanel-6.0.0/home/dev.gi.by/public/wp-content/uploads/2020/11/блюм.jpg) to a remote server (server_2).
12-03-2025 11:20:46 [dev.gi.by][debug] New queue created #806, attributes values: {"server_id":null,"object_id":"3097","object_name":"","item_type":"attachment","item_hash":null,"item_hash_alternative":null,"result_status":"success","processing_level":"normal","is_backed_up":true,"original_size":109431,"final_size":109431,"original_mime_type":"image\/jpeg","final_mime_type":"image\/jpeg","extra_data":"{\"thumbnails_count\":0,\"original_main_size\":109431,\"class\":\"RIO_Attachment_Extra_Data\"}","created_at":1741767646}
12-03-2025 11:20:46 [dev.gi.by][info] Preparing to upload a file (D:/OSPanel-6.0.0/home/dev.gi.by/public/wp-content/uploads/2020/11/крафт.jpg) to a remote server (server_2).
12-03-2025 11:20:47 [dev.gi.by][debug] New queue created #807, attributes values: {"server_id":null,"object_id":"3098","object_name":"","item_type":"attachment","item_hash":null,"item_hash_alternative":null,"result_status":"success","processing_level":"normal","is_backed_up":true,"original_size":146813,"final_size":143025,"original_mime_type":"image\/jpeg","final_mime_type":"image\/jpeg","extra_data":"{\"thumbnails_count\":0,\"original_main_size\":146813,\"class\":\"RIO_Attachment_Extra_Data\"}","created_at":1741767647}
12-03-2025 11:20:48 [dev.gi.by][info] End cron job. Scope: media-library
-------------------------------
12-03-2025 11:30:18 [dev.gi.by][info] Start cron job. Scope: media-library
12-03-2025 11:30:18 [dev.gi.by][info] Preparing to upload a file (D:/OSPanel-6.0.0/home/dev.gi.by/public/wp-content/uploads/2020/11/поддон-в-мойку-min.jpg) to a remote server (server_2).
12-03-2025 11:30:18 [dev.gi.by][debug] New queue created #808, attributes values: {"server_id":null,"object_id":"3110","object_name":"","item_type":"attachment","item_hash":null,"item_hash_alternative":null,"result_status":"success","processing_level":"normal","is_backed_up":true,"original_size":30632,"final_size":30632,"original_mime_type":"image\/jpeg","final_mime_type":"image\/jpeg","extra_data":"{\"thumbnails_count\":0,\"original_main_size\":30632,\"class\":\"RIO_Attachment_Extra_Data\"}","created_at":1741768218}
12-03-2025 11:30:19 [dev.gi.by][info] Preparing to upload a file (D:/OSPanel-6.0.0/home/dev.gi.by/public/wp-content/uploads/2020/11/Декларация-соответствия.jpg) to a remote server (server_2).
12-03-2025 11:30:20 [dev.gi.by][debug] New queue created #809, attributes values: {"server_id":null,"object_id":"3113","object_name":"","item_type":"attachment","item_hash":null,"item_hash_alternative":null,"result_status":"success","processing_level":"normal","is_backed_up":true,"original_size":800212,"final_size":292256,"original_mime_type":"image\/jpeg","final_mime_type":"image\/jpeg","extra_data":"{\"thumbnails_count\":0,\"original_main_size\":800212,\"class\":\"RIO_Attachment_Extra_Data\"}","created_at":1741768220}
12-03-2025 11:30:20 [dev.gi.by][info] Preparing to upload a file (D:/OSPanel-6.0.0/home/dev.gi.by/public/wp-content/uploads/2020/11/Декларация-соответствия0001.jpg) to a remote server (server_2).
12-03-2025 11:30:22 [dev.gi.by][debug] New queue created #810, attributes values: {"server_id":null,"object_id":"3114","object_name":"","item_type":"attachment","item_hash":null,"item_hash_alternative":null,"result_status":"success","processing_level":"normal","is_backed_up":true,"original_size":1038801,"final_size":401568,"original_mime_type":"image\/jpeg","final_mime_type":"image\/jpeg","extra_data":"{\"thumbnails_count\":0,\"original_main_size\":1038801,\"class\":\"RIO_Attachment_Extra_Data\"}","created_at":1741768222}
12-03-2025 11:30:22 [dev.gi.by][info] End cron job. Scope: media-library
-------------------------------
12-03-2025 11:35:20 [dev.gi.by][info] Start cron job. Scope: media-library
12-03-2025 11:35:21 [dev.gi.by][info] Preparing to upload a file (D:/OSPanel-6.0.0/home/dev.gi.by/public/wp-content/uploads/2020/11/Декларация-соответствия0002.jpg) to a remote server (server_2).
12-03-2025 11:35:22 [dev.gi.by][debug] New queue created #811, attributes values: {"server_id":null,"object_id":"3115","object_name":"","item_type":"attachment","item_hash":null,"item_hash_alternative":null,"result_status":"success","processing_level":"normal","is_backed_up":true,"original_size":785120,"final_size":308229,"original_mime_type":"image\/jpeg","final_mime_type":"image\/jpeg","extra_data":"{\"thumbnails_count\":0,\"original_main_size\":785120,\"class\":\"RIO_Attachment_Extra_Data\"}","created_at":1741768522}
12-03-2025 11:35:22 [dev.gi.by][info] Try to create backup directory. Backup dir: (D:/OSPanel-6.0.0/home/dev.gi.by/public/wp-content/uploads/wio_backup/2020/12)
12-03-2025 11:35:22 [dev.gi.by][info] Preparing to upload a file (D:/OSPanel-6.0.0/home/dev.gi.by/public/wp-content/uploads/2020/12/1920х1080-на-gi.by-min.jpg) to a remote server (server_2).
12-03-2025 11:35:23 [dev.gi.by][debug] New queue created #812, attributes values: {"server_id":null,"object_id":"3118","object_name":"","item_type":"attachment","item_hash":null,"item_hash_alternative":null,"result_status":"success","processing_level":"normal","is_backed_up":true,"original_size":241810,"final_size":232856,"original_mime_type":"image\/jpeg","final_mime_type":"image\/jpeg","extra_data":"{\"thumbnails_count\":0,\"original_main_size\":241810,\"class\":\"RIO_Attachment_Extra_Data\"}","created_at":1741768523}
12-03-2025 11:35:23 [dev.gi.by][info] Preparing to upload a file (D:/OSPanel-6.0.0/home/dev.gi.by/public/wp-content/uploads/2020/12/1920х1080-на-gi.by-min-1.jpg) to a remote server (server_2).
12-03-2025 11:35:24 [dev.gi.by][debug] New queue created #813, attributes values: {"server_id":null,"object_id":"3119","object_name":"","item_type":"attachment","item_hash":null,"item_hash_alternative":null,"result_status":"success","processing_level":"normal","is_backed_up":true,"original_size":241810,"final_size":232856,"original_mime_type":"image\/jpeg","final_mime_type":"image\/jpeg","extra_data":"{\"thumbnails_count\":0,\"original_main_size\":241810,\"class\":\"RIO_Attachment_Extra_Data\"}","created_at":1741768524}
12-03-2025 11:35:25 [dev.gi.by][info] End cron job. Scope: media-library
-------------------------------
12-03-2025 11:41:57 [dev.gi.by][info] Start cron job. Scope: media-library
12-03-2025 11:41:57 [dev.gi.by][info] Preparing to upload a file (D:/OSPanel-6.0.0/home/dev.gi.by/public/wp-content/uploads/2020/12/блюм-min.jpg) to a remote server (server_2).
12-03-2025 11:41:58 [dev.gi.by][debug] New queue created #814, attributes values: {"server_id":null,"object_id":"3120","object_name":"","item_type":"attachment","item_hash":null,"item_hash_alternative":null,"result_status":"success","processing_level":"normal","is_backed_up":true,"original_size":104797,"final_size":104797,"original_mime_type":"image\/jpeg","final_mime_type":"image\/jpeg","extra_data":"{\"thumbnails_count\":0,\"original_main_size\":104797,\"class\":\"RIO_Attachment_Extra_Data\"}","created_at":1741768918}
12-03-2025 11:41:58 [dev.gi.by][info] Preparing to upload a file (D:/OSPanel-6.0.0/home/dev.gi.by/public/wp-content/uploads/2020/12/крафтт-min.jpg) to a remote server (server_2).
12-03-2025 11:41:59 [dev.gi.by][debug] New queue created #815, attributes values: {"server_id":null,"object_id":"3121","object_name":"","item_type":"attachment","item_hash":null,"item_hash_alternative":null,"result_status":"success","processing_level":"normal","is_backed_up":true,"original_size":149159,"final_size":142149,"original_mime_type":"image\/jpeg","final_mime_type":"image\/jpeg","extra_data":"{\"thumbnails_count\":0,\"original_main_size\":149159,\"class\":\"RIO_Attachment_Extra_Data\"}","created_at":1741768919}
12-03-2025 11:41:59 [dev.gi.by][info] Preparing to upload a file (D:/OSPanel-6.0.0/home/dev.gi.by/public/wp-content/uploads/2020/12/Баннер-1920х1080-min.jpg) to a remote server (server_2).
12-03-2025 11:42:00 [dev.gi.by][debug] New queue created #816, attributes values: {"server_id":null,"object_id":"3124","object_name":"","item_type":"attachment","item_hash":null,"item_hash_alternative":null,"result_status":"success","processing_level":"normal","is_backed_up":true,"original_size":55433,"final_size":55433,"original_mime_type":"image\/jpeg","final_mime_type":"image\/jpeg","extra_data":"{\"thumbnails_count\":0,\"original_main_size\":55433,\"class\":\"RIO_Attachment_Extra_Data\"}","created_at":1741768920}
12-03-2025 11:42:00 [dev.gi.by][info] End cron job. Scope: media-library
-------------------------------
12-03-2025 11:45:15 [dev.gi.by][info] Start cron job. Scope: media-library
12-03-2025 11:45:17 [dev.gi.by][info] Preparing to upload a file (D:/OSPanel-6.0.0/home/dev.gi.by/public/wp-content/uploads/2020/12/Сториз-1.png) to a remote server (server_2).
12-03-2025 11:45:26 [dev.gi.by][debug] New queue created #817, attributes values: {"server_id":null,"object_id":"3152","object_name":"","item_type":"attachment","item_hash":null,"item_hash_alternative":null,"result_status":"success","processing_level":"normal","is_backed_up":true,"original_size":349488,"final_size":349488,"original_mime_type":"image\/png","final_mime_type":"image\/png","extra_data":"{\"thumbnails_count\":0,\"original_main_size\":349488,\"class\":\"RIO_Attachment_Extra_Data\"}","created_at":1741769126}
12-03-2025 11:45:27 [dev.gi.by][info] Preparing to upload a file (D:/OSPanel-6.0.0/home/dev.gi.by/public/wp-content/uploads/2020/12/164A2650.jpg) to a remote server (server_2).
12-03-2025 11:45:34 [dev.gi.by][debug] New queue created #818, attributes values: {"server_id":null,"object_id":"3169","object_name":"","item_type":"attachment","item_hash":null,"item_hash_alternative":null,"result_status":"success","processing_level":"normal","is_backed_up":true,"original_size":2248104,"final_size":178496,"original_mime_type":"image\/jpeg","final_mime_type":"image\/jpeg","extra_data":"{\"thumbnails_count\":0,\"original_main_size\":2248104,\"class\":\"RIO_Attachment_Extra_Data\"}","created_at":1741769134}
12-03-2025 11:45:34 [dev.gi.by][info] Preparing to upload a file (D:/OSPanel-6.0.0/home/dev.gi.by/public/wp-content/uploads/2020/12/1300х722-для-geosideal.by_.jpg) to a remote server (server_2).
12-03-2025 11:45:35 [dev.gi.by][debug] New queue created #819, attributes values: {"server_id":null,"object_id":"3170","object_name":"","item_type":"attachment","item_hash":null,"item_hash_alternative":null,"result_status":"success","processing_level":"normal","is_backed_up":true,"original_size":131767,"final_size":131525,"original_mime_type":"image\/jpeg","final_mime_type":"image\/jpeg","extra_data":"{\"thumbnails_count\":0,\"original_main_size\":131767,\"class\":\"RIO_Attachment_Extra_Data\"}","created_at":1741769135}
12-03-2025 11:45:35 [dev.gi.by][info] End cron job. Scope: media-library
-------------------------------
12-03-2025 11:50:50 [dev.gi.by][info] Start cron job. Scope: media-library
12-03-2025 11:50:51 [dev.gi.by][info] Preparing to upload a file (D:/OSPanel-6.0.0/home/dev.gi.by/public/wp-content/uploads/2020/12/164A2882-2.jpg) to a remote server (server_2).
12-03-2025 11:50:52 [dev.gi.by][debug] New queue created #820, attributes values: {"server_id":null,"object_id":"3171","object_name":"","item_type":"attachment","item_hash":null,"item_hash_alternative":null,"result_status":"success","processing_level":"normal","is_backed_up":true,"original_size":2052057,"final_size":151001,"original_mime_type":"image\/jpeg","final_mime_type":"image\/jpeg","extra_data":"{\"thumbnails_count\":0,\"original_main_size\":2052057,\"class\":\"RIO_Attachment_Extra_Data\"}","created_at":1741769452}
12-03-2025 11:50:53 [dev.gi.by][info] Preparing to upload a file (D:/OSPanel-6.0.0/home/dev.gi.by/public/wp-content/uploads/2020/12/164A2541.jpg) to a remote server (server_2).
12-03-2025 11:50:54 [dev.gi.by][debug] New queue created #821, attributes values: {"server_id":null,"object_id":"3172","object_name":"","item_type":"attachment","item_hash":null,"item_hash_alternative":null,"result_status":"success","processing_level":"normal","is_backed_up":true,"original_size":2325732,"final_size":170571,"original_mime_type":"image\/jpeg","final_mime_type":"image\/jpeg","extra_data":"{\"thumbnails_count\":0,\"original_main_size\":2325732,\"class\":\"RIO_Attachment_Extra_Data\"}","created_at":1741769454}
12-03-2025 11:50:55 [dev.gi.by][info] Preparing to upload a file (D:/OSPanel-6.0.0/home/dev.gi.by/public/wp-content/uploads/2020/12/164A2549.jpg) to a remote server (server_2).
12-03-2025 11:50:56 [dev.gi.by][debug] New queue created #822, attributes values: {"server_id":null,"object_id":"3173","object_name":"","item_type":"attachment","item_hash":null,"item_hash_alternative":null,"result_status":"success","processing_level":"normal","is_backed_up":true,"original_size":2984280,"final_size":170192,"original_mime_type":"image\/jpeg","final_mime_type":"image\/jpeg","extra_data":"{\"thumbnails_count\":0,\"original_main_size\":2984280,\"class\":\"RIO_Attachment_Extra_Data\"}","created_at":1741769456}
12-03-2025 11:50:56 [dev.gi.by][info] End cron job. Scope: media-library
-------------------------------
12-03-2025 11:55:20 [dev.gi.by][info] Start cron job. Scope: media-library
12-03-2025 11:55:20 [dev.gi.by][info] Preparing to upload a file (D:/OSPanel-6.0.0/home/dev.gi.by/public/wp-content/uploads/2020/12/Rectangle-3.png) to a remote server (server_2).
12-03-2025 11:55:21 [dev.gi.by][debug] New queue created #823, attributes values: {"server_id":null,"object_id":"3178","object_name":"","item_type":"attachment","item_hash":null,"item_hash_alternative":null,"result_status":"success","processing_level":"normal","is_backed_up":true,"original_size":363,"final_size":125,"original_mime_type":"image\/png","final_mime_type":"image\/png","extra_data":"{\"thumbnails_count\":0,\"original_main_size\":363,\"class\":\"RIO_Attachment_Extra_Data\"}","created_at":1741769721}
12-03-2025 11:55:21 [dev.gi.by][info] Preparing to upload a file (D:/OSPanel-6.0.0/home/dev.gi.by/public/wp-content/uploads/2020/12/Rectangle-3-1.png) to a remote server (server_2).
12-03-2025 11:55:21 [dev.gi.by][debug] New queue created #824, attributes values: {"server_id":null,"object_id":"3179","object_name":"","item_type":"attachment","item_hash":null,"item_hash_alternative":null,"result_status":"success","processing_level":"normal","is_backed_up":true,"original_size":363,"final_size":125,"original_mime_type":"image\/png","final_mime_type":"image\/png","extra_data":"{\"thumbnails_count\":0,\"original_main_size\":363,\"class\":\"RIO_Attachment_Extra_Data\"}","created_at":1741769721}
12-03-2025 11:55:21 [dev.gi.by][info] Preparing to upload a file (D:/OSPanel-6.0.0/home/dev.gi.by/public/wp-content/uploads/2020/12/Rectangle-3-2.png) to a remote server (server_2).
12-03-2025 11:55:22 [dev.gi.by][debug] New queue created #825, attributes values: {"server_id":null,"object_id":"3181","object_name":"","item_type":"attachment","item_hash":null,"item_hash_alternative":null,"result_status":"success","processing_level":"normal","is_backed_up":true,"original_size":363,"final_size":125,"original_mime_type":"image\/png","final_mime_type":"image\/png","extra_data":"{\"thumbnails_count\":0,\"original_main_size\":363,\"class\":\"RIO_Attachment_Extra_Data\"}","created_at":1741769722}
12-03-2025 11:55:22 [dev.gi.by][info] End cron job. Scope: media-library
-------------------------------
12-03-2025 12:01:31 [dev.gi.by][info] Start cron job. Scope: media-library
12-03-2025 12:01:31 [dev.gi.by][info] Preparing to upload a file (D:/OSPanel-6.0.0/home/dev.gi.by/public/wp-content/uploads/2020/12/Rectangle-3-3.png) to a remote server (server_2).
12-03-2025 12:01:32 [dev.gi.by][debug] New queue created #826, attributes values: {"server_id":null,"object_id":"3182","object_name":"","item_type":"attachment","item_hash":null,"item_hash_alternative":null,"result_status":"success","processing_level":"normal","is_backed_up":true,"original_size":363,"final_size":125,"original_mime_type":"image\/png","final_mime_type":"image\/png","extra_data":"{\"thumbnails_count\":0,\"original_main_size\":363,\"class\":\"RIO_Attachment_Extra_Data\"}","created_at":1741770092}
12-03-2025 12:01:32 [dev.gi.by][info] Preparing to upload a file (D:/OSPanel-6.0.0/home/dev.gi.by/public/wp-content/uploads/2020/12/Rectangle-3-4.png) to a remote server (server_2).
12-03-2025 12:01:32 [dev.gi.by][debug] New queue created #827, attributes values: {"server_id":null,"object_id":"3183","object_name":"","item_type":"attachment","item_hash":null,"item_hash_alternative":null,"result_status":"success","processing_level":"normal","is_backed_up":true,"original_size":363,"final_size":125,"original_mime_type":"image\/png","final_mime_type":"image\/png","extra_data":"{\"thumbnails_count\":0,\"original_main_size\":363,\"class\":\"RIO_Attachment_Extra_Data\"}","created_at":1741770092}
12-03-2025 12:01:32 [dev.gi.by][info] Preparing to upload a file (D:/OSPanel-6.0.0/home/dev.gi.by/public/wp-content/uploads/2020/12/Rectangle-3-5.png) to a remote server (server_2).
12-03-2025 12:01:33 [dev.gi.by][debug] New queue created #828, attributes values: {"server_id":null,"object_id":"3184","object_name":"","item_type":"attachment","item_hash":null,"item_hash_alternative":null,"result_status":"success","processing_level":"normal","is_backed_up":true,"original_size":363,"final_size":125,"original_mime_type":"image\/png","final_mime_type":"image\/png","extra_data":"{\"thumbnails_count\":0,\"original_main_size\":363,\"class\":\"RIO_Attachment_Extra_Data\"}","created_at":1741770093}
12-03-2025 12:01:33 [dev.gi.by][info] End cron job. Scope: media-library
-------------------------------
12-03-2025 12:05:33 [dev.gi.by][info] Start cron job. Scope: media-library
12-03-2025 12:05:33 [dev.gi.by][info] Preparing to upload a file (D:/OSPanel-6.0.0/home/dev.gi.by/public/wp-content/uploads/2020/12/Rectangle-3-6.png) to a remote server (server_2).
12-03-2025 12:05:37 [dev.gi.by][debug] New queue created #829, attributes values: {"server_id":null,"object_id":"3185","object_name":"","item_type":"attachment","item_hash":null,"item_hash_alternative":null,"result_status":"success","processing_level":"normal","is_backed_up":true,"original_size":363,"final_size":125,"original_mime_type":"image\/png","final_mime_type":"image\/png","extra_data":"{\"thumbnails_count\":0,\"original_main_size\":363,\"class\":\"RIO_Attachment_Extra_Data\"}","created_at":1741770337}
12-03-2025 12:05:37 [dev.gi.by][info] Preparing to upload a file (D:/OSPanel-6.0.0/home/dev.gi.by/public/wp-content/uploads/2020/12/Rectangle-3-7.png) to a remote server (server_2).
12-03-2025 12:05:38 [dev.gi.by][debug] New queue created #830, attributes values: {"server_id":null,"object_id":"3186","object_name":"","item_type":"attachment","item_hash":null,"item_hash_alternative":null,"result_status":"success","processing_level":"normal","is_backed_up":true,"original_size":363,"final_size":125,"original_mime_type":"image\/png","final_mime_type":"image\/png","extra_data":"{\"thumbnails_count\":0,\"original_main_size\":363,\"class\":\"RIO_Attachment_Extra_Data\"}","created_at":1741770338}
12-03-2025 12:05:38 [dev.gi.by][info] Preparing to upload a file (D:/OSPanel-6.0.0/home/dev.gi.by/public/wp-content/uploads/2020/12/Rectangle-3-8.png) to a remote server (server_2).
12-03-2025 12:05:41 [dev.gi.by][debug] New queue created #831, attributes values: {"server_id":null,"object_id":"3194","object_name":"","item_type":"attachment","item_hash":null,"item_hash_alternative":null,"result_status":"success","processing_level":"normal","is_backed_up":true,"original_size":363,"final_size":125,"original_mime_type":"image\/png","final_mime_type":"image\/png","extra_data":"{\"thumbnails_count\":0,\"original_main_size\":363,\"class\":\"RIO_Attachment_Extra_Data\"}","created_at":1741770341}
12-03-2025 12:05:41 [dev.gi.by][info] End cron job. Scope: media-library
-------------------------------
12-03-2025 12:11:36 [dev.gi.by][info] Start cron job. Scope: media-library
12-03-2025 12:11:36 [dev.gi.by][info] Preparing to upload a file (D:/OSPanel-6.0.0/home/dev.gi.by/public/wp-content/uploads/2020/12/Rectangle-3-9.png) to a remote server (server_2).
12-03-2025 12:11:42 [dev.gi.by][debug] New queue created #832, attributes values: {"server_id":null,"object_id":"3198","object_name":"","item_type":"attachment","item_hash":null,"item_hash_alternative":null,"result_status":"success","processing_level":"normal","is_backed_up":true,"original_size":363,"final_size":125,"original_mime_type":"image\/png","final_mime_type":"image\/png","extra_data":"{\"thumbnails_count\":0,\"original_main_size\":363,\"class\":\"RIO_Attachment_Extra_Data\"}","created_at":1741770702}
12-03-2025 12:11:42 [dev.gi.by][info] Preparing to upload a file (D:/OSPanel-6.0.0/home/dev.gi.by/public/wp-content/uploads/2020/12/Rectangle-3-10.png) to a remote server (server_2).
12-03-2025 12:11:51 [dev.gi.by][debug] New queue created #833, attributes values: {"server_id":null,"object_id":"3199","object_name":"","item_type":"attachment","item_hash":null,"item_hash_alternative":null,"result_status":"success","processing_level":"normal","is_backed_up":true,"original_size":363,"final_size":125,"original_mime_type":"image\/png","final_mime_type":"image\/png","extra_data":"{\"thumbnails_count\":0,\"original_main_size\":363,\"class\":\"RIO_Attachment_Extra_Data\"}","created_at":1741770711}
12-03-2025 12:11:53 [dev.gi.by][info] Preparing to upload a file (D:/OSPanel-6.0.0/home/dev.gi.by/public/wp-content/uploads/2020/12/Сториз-2.png) to a remote server (server_2).
12-03-2025 12:12:04 [dev.gi.by][debug] New queue created #834, attributes values: {"server_id":null,"object_id":"3201","object_name":"","item_type":"attachment","item_hash":null,"item_hash_alternative":null,"result_status":"success","processing_level":"normal","is_backed_up":true,"original_size":351989,"final_size":351989,"original_mime_type":"image\/png","final_mime_type":"image\/png","extra_data":"{\"thumbnails_count\":0,\"original_main_size\":351989,\"class\":\"RIO_Attachment_Extra_Data\"}","created_at":1741770724}
12-03-2025 12:12:04 [dev.gi.by][info] End cron job. Scope: media-library
-------------------------------
12-03-2025 12:15:38 [dev.gi.by][info] Start cron job. Scope: media-library
12-03-2025 12:15:38 [dev.gi.by][info] Preparing to upload a file (D:/OSPanel-6.0.0/home/dev.gi.by/public/wp-content/uploads/2020/12/Rectangle-3-11.png) to a remote server (server_2).
12-03-2025 12:15:39 [dev.gi.by][debug] New queue created #835, attributes values: {"server_id":null,"object_id":"3202","object_name":"","item_type":"attachment","item_hash":null,"item_hash_alternative":null,"result_status":"success","processing_level":"normal","is_backed_up":true,"original_size":363,"final_size":125,"original_mime_type":"image\/png","final_mime_type":"image\/png","extra_data":"{\"thumbnails_count\":0,\"original_main_size\":363,\"class\":\"RIO_Attachment_Extra_Data\"}","created_at":1741770939}
12-03-2025 12:15:39 [dev.gi.by][info] Preparing to upload a file (D:/OSPanel-6.0.0/home/dev.gi.by/public/wp-content/uploads/2020/12/Rectangle-3-12.png) to a remote server (server_2).
12-03-2025 12:15:39 [dev.gi.by][debug] New queue created #836, attributes values: {"server_id":null,"object_id":"3203","object_name":"","item_type":"attachment","item_hash":null,"item_hash_alternative":null,"result_status":"success","processing_level":"normal","is_backed_up":true,"original_size":363,"final_size":125,"original_mime_type":"image\/png","final_mime_type":"image\/png","extra_data":"{\"thumbnails_count\":0,\"original_main_size\":363,\"class\":\"RIO_Attachment_Extra_Data\"}","created_at":1741770939}
12-03-2025 12:15:39 [dev.gi.by][info] Preparing to upload a file (D:/OSPanel-6.0.0/home/dev.gi.by/public/wp-content/uploads/2020/12/Rectangle-3-13.png) to a remote server (server_2).
12-03-2025 12:15:40 [dev.gi.by][debug] New queue created #837, attributes values: {"server_id":null,"object_id":"3204","object_name":"","item_type":"attachment","item_hash":null,"item_hash_alternative":null,"result_status":"success","processing_level":"normal","is_backed_up":true,"original_size":363,"final_size":125,"original_mime_type":"image\/png","final_mime_type":"image\/png","extra_data":"{\"thumbnails_count\":0,\"original_main_size\":363,\"class\":\"RIO_Attachment_Extra_Data\"}","created_at":1741770940}
12-03-2025 12:15:40 [dev.gi.by][info] End cron job. Scope: media-library
-------------------------------
12-03-2025 12:21:41 [dev.gi.by][info] Start cron job. Scope: media-library
12-03-2025 12:21:42 [dev.gi.by][info] Preparing to upload a file (D:/OSPanel-6.0.0/home/dev.gi.by/public/wp-content/uploads/2020/12/164A2272.jpg) to a remote server (server_2).
12-03-2025 12:21:43 [dev.gi.by][debug] New queue created #838, attributes values: {"server_id":null,"object_id":"3205","object_name":"","item_type":"attachment","item_hash":null,"item_hash_alternative":null,"result_status":"success","processing_level":"normal","is_backed_up":true,"original_size":943598,"final_size":127028,"original_mime_type":"image\/jpeg","final_mime_type":"image\/jpeg","extra_data":"{\"thumbnails_count\":0,\"original_main_size\":943598,\"class\":\"RIO_Attachment_Extra_Data\"}","created_at":1741771303}
12-03-2025 12:21:43 [dev.gi.by][info] Preparing to upload a file (D:/OSPanel-6.0.0/home/dev.gi.by/public/wp-content/uploads/2020/12/Rectangle-3-14.png) to a remote server (server_2).
12-03-2025 12:21:44 [dev.gi.by][debug] New queue created #839, attributes values: {"server_id":null,"object_id":"3206","object_name":"","item_type":"attachment","item_hash":null,"item_hash_alternative":null,"result_status":"success","processing_level":"normal","is_backed_up":true,"original_size":363,"final_size":125,"original_mime_type":"image\/png","final_mime_type":"image\/png","extra_data":"{\"thumbnails_count\":0,\"original_main_size\":363,\"class\":\"RIO_Attachment_Extra_Data\"}","created_at":1741771304}
12-03-2025 12:21:44 [dev.gi.by][info] Preparing to upload a file (D:/OSPanel-6.0.0/home/dev.gi.by/public/wp-content/uploads/2020/12/Rectangle-3-15.png) to a remote server (server_2).
12-03-2025 12:21:44 [dev.gi.by][debug] New queue created #840, attributes values: {"server_id":null,"object_id":"3207","object_name":"","item_type":"attachment","item_hash":null,"item_hash_alternative":null,"result_status":"success","processing_level":"normal","is_backed_up":true,"original_size":363,"final_size":125,"original_mime_type":"image\/png","final_mime_type":"image\/png","extra_data":"{\"thumbnails_count\":0,\"original_main_size\":363,\"class\":\"RIO_Attachment_Extra_Data\"}","created_at":1741771304}
12-03-2025 12:21:44 [dev.gi.by][info] End cron job. Scope: media-library
-------------------------------
12-03-2025 12:25:43 [dev.gi.by][info] Start cron job. Scope: media-library
12-03-2025 12:25:44 [dev.gi.by][info] Preparing to upload a file (D:/OSPanel-6.0.0/home/dev.gi.by/public/wp-content/uploads/2020/12/164A2272-1.jpg) to a remote server (server_2).
12-03-2025 12:25:52 [dev.gi.by][debug] New queue created #841, attributes values: {"server_id":null,"object_id":"3208","object_name":"","item_type":"attachment","item_hash":null,"item_hash_alternative":null,"result_status":"success","processing_level":"normal","is_backed_up":true,"original_size":943598,"final_size":127028,"original_mime_type":"image\/jpeg","final_mime_type":"image\/jpeg","extra_data":"{\"thumbnails_count\":0,\"original_main_size\":943598,\"class\":\"RIO_Attachment_Extra_Data\"}","created_at":1741771552}
12-03-2025 12:25:52 [dev.gi.by][info] Preparing to upload a file (D:/OSPanel-6.0.0/home/dev.gi.by/public/wp-content/uploads/2020/12/Rectangle-3-16.png) to a remote server (server_2).
12-03-2025 12:25:53 [dev.gi.by][debug] New queue created #842, attributes values: {"server_id":null,"object_id":"3209","object_name":"","item_type":"attachment","item_hash":null,"item_hash_alternative":null,"result_status":"success","processing_level":"normal","is_backed_up":true,"original_size":363,"final_size":125,"original_mime_type":"image\/png","final_mime_type":"image\/png","extra_data":"{\"thumbnails_count\":0,\"original_main_size\":363,\"class\":\"RIO_Attachment_Extra_Data\"}","created_at":1741771553}
12-03-2025 12:25:53 [dev.gi.by][info] Preparing to upload a file (D:/OSPanel-6.0.0/home/dev.gi.by/public/wp-content/uploads/2020/12/Rectangle-3-17.png) to a remote server (server_2).
12-03-2025 12:25:54 [dev.gi.by][debug] New queue created #843, attributes values: {"server_id":null,"object_id":"3210","object_name":"","item_type":"attachment","item_hash":null,"item_hash_alternative":null,"result_status":"success","processing_level":"normal","is_backed_up":true,"original_size":363,"final_size":125,"original_mime_type":"image\/png","final_mime_type":"image\/png","extra_data":"{\"thumbnails_count\":0,\"original_main_size\":363,\"class\":\"RIO_Attachment_Extra_Data\"}","created_at":1741771554}
12-03-2025 12:25:54 [dev.gi.by][info] End cron job. Scope: media-library
-------------------------------
12-03-2025 12:31:46 [dev.gi.by][info] Start cron job. Scope: media-library
12-03-2025 12:31:47 [dev.gi.by][info] Preparing to upload a file (D:/OSPanel-6.0.0/home/dev.gi.by/public/wp-content/uploads/2020/12/164A2272-2.jpg) to a remote server (server_2).
12-03-2025 12:31:55 [dev.gi.by][debug] New queue created #844, attributes values: {"server_id":null,"object_id":"3211","object_name":"","item_type":"attachment","item_hash":null,"item_hash_alternative":null,"result_status":"success","processing_level":"normal","is_backed_up":true,"original_size":943598,"final_size":127028,"original_mime_type":"image\/jpeg","final_mime_type":"image\/jpeg","extra_data":"{\"thumbnails_count\":0,\"original_main_size\":943598,\"class\":\"RIO_Attachment_Extra_Data\"}","created_at":1741771915}
12-03-2025 12:31:55 [dev.gi.by][info] Preparing to upload a file (D:/OSPanel-6.0.0/home/dev.gi.by/public/wp-content/uploads/2020/12/Rectangle-3-18.png) to a remote server (server_2).
12-03-2025 12:32:08 [dev.gi.by][debug] New queue created #845, attributes values: {"server_id":null,"object_id":"3212","object_name":"","item_type":"attachment","item_hash":null,"item_hash_alternative":null,"result_status":"success","processing_level":"normal","is_backed_up":true,"original_size":363,"final_size":125,"original_mime_type":"image\/png","final_mime_type":"image\/png","extra_data":"{\"thumbnails_count\":0,\"original_main_size\":363,\"class\":\"RIO_Attachment_Extra_Data\"}","created_at":1741771928}
12-03-2025 12:32:08 [dev.gi.by][info] Preparing to upload a file (D:/OSPanel-6.0.0/home/dev.gi.by/public/wp-content/uploads/2020/12/Rectangle-3-19.png) to a remote server (server_2).
12-03-2025 12:32:10 [dev.gi.by][debug] New queue created #846, attributes values: {"server_id":null,"object_id":"3213","object_name":"","item_type":"attachment","item_hash":null,"item_hash_alternative":null,"result_status":"success","processing_level":"normal","is_backed_up":true,"original_size":363,"final_size":125,"original_mime_type":"image\/png","final_mime_type":"image\/png","extra_data":"{\"thumbnails_count\":0,\"original_main_size\":363,\"class\":\"RIO_Attachment_Extra_Data\"}","created_at":1741771930}
12-03-2025 12:32:10 [dev.gi.by][info] End cron job. Scope: media-library
-------------------------------
12-03-2025 12:35:48 [dev.gi.by][info] Start cron job. Scope: media-library
12-03-2025 12:35:49 [dev.gi.by][info] Preparing to upload a file (D:/OSPanel-6.0.0/home/dev.gi.by/public/wp-content/uploads/2020/12/164A2272-3.jpg) to a remote server (server_2).
12-03-2025 12:35:54 [dev.gi.by][debug] New queue created #847, attributes values: {"server_id":null,"object_id":"3214","object_name":"","item_type":"attachment","item_hash":null,"item_hash_alternative":null,"result_status":"success","processing_level":"normal","is_backed_up":true,"original_size":943598,"final_size":127028,"original_mime_type":"image\/jpeg","final_mime_type":"image\/jpeg","extra_data":"{\"thumbnails_count\":0,\"original_main_size\":943598,\"class\":\"RIO_Attachment_Extra_Data\"}","created_at":1741772154}
12-03-2025 12:35:54 [dev.gi.by][info] Preparing to upload a file (D:/OSPanel-6.0.0/home/dev.gi.by/public/wp-content/uploads/2020/12/Rectangle-3-20.png) to a remote server (server_2).
12-03-2025 12:35:59 [dev.gi.by][debug] New queue created #848, attributes values: {"server_id":null,"object_id":"3215","object_name":"","item_type":"attachment","item_hash":null,"item_hash_alternative":null,"result_status":"success","processing_level":"normal","is_backed_up":true,"original_size":363,"final_size":125,"original_mime_type":"image\/png","final_mime_type":"image\/png","extra_data":"{\"thumbnails_count\":0,\"original_main_size\":363,\"class\":\"RIO_Attachment_Extra_Data\"}","created_at":1741772159}
12-03-2025 12:35:59 [dev.gi.by][info] Preparing to upload a file (D:/OSPanel-6.0.0/home/dev.gi.by/public/wp-content/uploads/2020/12/Rectangle-3-21.png) to a remote server (server_2).
12-03-2025 12:36:07 [dev.gi.by][debug] New queue created #849, attributes values: {"server_id":null,"object_id":"3216","object_name":"","item_type":"attachment","item_hash":null,"item_hash_alternative":null,"result_status":"success","processing_level":"normal","is_backed_up":true,"original_size":363,"final_size":125,"original_mime_type":"image\/png","final_mime_type":"image\/png","extra_data":"{\"thumbnails_count\":0,\"original_main_size\":363,\"class\":\"RIO_Attachment_Extra_Data\"}","created_at":1741772167}
12-03-2025 12:36:07 [dev.gi.by][info] End cron job. Scope: media-library
-------------------------------
12-03-2025 12:41:51 [dev.gi.by][info] Start cron job. Scope: media-library
12-03-2025 12:41:52 [dev.gi.by][info] Preparing to upload a file (D:/OSPanel-6.0.0/home/dev.gi.by/public/wp-content/uploads/2020/12/164A2272-4.jpg) to a remote server (server_2).
12-03-2025 12:42:04 [dev.gi.by][debug] New queue created #850, attributes values: {"server_id":null,"object_id":"3217","object_name":"","item_type":"attachment","item_hash":null,"item_hash_alternative":null,"result_status":"success","processing_level":"normal","is_backed_up":true,"original_size":943598,"final_size":127028,"original_mime_type":"image\/jpeg","final_mime_type":"image\/jpeg","extra_data":"{\"thumbnails_count\":0,\"original_main_size\":943598,\"class\":\"RIO_Attachment_Extra_Data\"}","created_at":1741772524}
12-03-2025 12:42:05 [dev.gi.by][info] Preparing to upload a file (D:/OSPanel-6.0.0/home/dev.gi.by/public/wp-content/uploads/2020/12/164A2272-5.jpg) to a remote server (server_2).
12-03-2025 12:42:30 [dev.gi.by][debug] New queue created #851, attributes values: {"server_id":null,"object_id":"3218","object_name":"","item_type":"attachment","item_hash":null,"item_hash_alternative":null,"result_status":"success","processing_level":"normal","is_backed_up":true,"original_size":943598,"final_size":127028,"original_mime_type":"image\/jpeg","final_mime_type":"image\/jpeg","extra_data":"{\"thumbnails_count\":0,\"original_main_size\":943598,\"class\":\"RIO_Attachment_Extra_Data\"}","created_at":1741772550}
12-03-2025 12:42:30 [dev.gi.by][info] Preparing to upload a file (D:/OSPanel-6.0.0/home/dev.gi.by/public/wp-content/uploads/2020/12/Rectangle-3-22.png) to a remote server (server_2).
12-03-2025 12:42:42 [dev.gi.by][debug] New queue created #852, attributes values: {"server_id":null,"object_id":"3219","object_name":"","item_type":"attachment","item_hash":null,"item_hash_alternative":null,"result_status":"success","processing_level":"normal","is_backed_up":true,"original_size":363,"final_size":125,"original_mime_type":"image\/png","final_mime_type":"image\/png","extra_data":"{\"thumbnails_count\":0,\"original_main_size\":363,\"class\":\"RIO_Attachment_Extra_Data\"}","created_at":1741772562}
12-03-2025 12:42:42 [dev.gi.by][info] End cron job. Scope: media-library
-------------------------------
12-03-2025 12:46:26 [dev.gi.by][info] Start cron job. Scope: media-library
12-03-2025 12:46:28 [dev.gi.by][info] Preparing to upload a file (D:/OSPanel-6.0.0/home/dev.gi.by/public/wp-content/uploads/2020/12/Group-38-2.png) to a remote server (server_2).
12-03-2025 12:46:37 [dev.gi.by][debug] New queue created #853, attributes values: {"server_id":null,"object_id":"3220","object_name":"","item_type":"attachment","item_hash":null,"item_hash_alternative":null,"result_status":"success","processing_level":"normal","is_backed_up":true,"original_size":3230855,"final_size":921749,"original_mime_type":"image\/png","final_mime_type":"image\/png","extra_data":"{\"thumbnails_count\":0,\"original_main_size\":3230855,\"class\":\"RIO_Attachment_Extra_Data\"}","created_at":1741772797}
12-03-2025 12:46:37 [dev.gi.by][info] Preparing to upload a file (D:/OSPanel-6.0.0/home/dev.gi.by/public/wp-content/uploads/2020/12/Rectangle-3-23.png) to a remote server (server_2).
12-03-2025 12:46:43 [dev.gi.by][debug] New queue created #854, attributes values: {"server_id":null,"object_id":"3221","object_name":"","item_type":"attachment","item_hash":null,"item_hash_alternative":null,"result_status":"success","processing_level":"normal","is_backed_up":true,"original_size":363,"final_size":125,"original_mime_type":"image\/png","final_mime_type":"image\/png","extra_data":"{\"thumbnails_count\":0,\"original_main_size\":363,\"class\":\"RIO_Attachment_Extra_Data\"}","created_at":1741772803}
12-03-2025 12:46:43 [dev.gi.by][info] Preparing to upload a file (D:/OSPanel-6.0.0/home/dev.gi.by/public/wp-content/uploads/2020/12/Модо.jpg) to a remote server (server_2).
12-03-2025 12:46:55 [dev.gi.by][debug] New queue created #855, attributes values: {"server_id":null,"object_id":"3222","object_name":"","item_type":"attachment","item_hash":null,"item_hash_alternative":null,"result_status":"success","processing_level":"normal","is_backed_up":true,"original_size":99743,"final_size":99503,"original_mime_type":"image\/jpeg","final_mime_type":"image\/jpeg","extra_data":"{\"thumbnails_count\":0,\"original_main_size\":99743,\"class\":\"RIO_Attachment_Extra_Data\"}","created_at":1741772815}
12-03-2025 12:46:55 [dev.gi.by][info] End cron job. Scope: media-library
-------------------------------
12-03-2025 12:51:56 [dev.gi.by][info] Start cron job. Scope: media-library
12-03-2025 12:51:57 [dev.gi.by][info] Preparing to upload a file (D:/OSPanel-6.0.0/home/dev.gi.by/public/wp-content/uploads/2020/12/164A2272-6.jpg) to a remote server (server_2).
12-03-2025 12:52:04 [dev.gi.by][debug] New queue created #856, attributes values: {"server_id":null,"object_id":"3223","object_name":"","item_type":"attachment","item_hash":null,"item_hash_alternative":null,"result_status":"success","processing_level":"normal","is_backed_up":true,"original_size":943598,"final_size":127028,"original_mime_type":"image\/jpeg","final_mime_type":"image\/jpeg","extra_data":"{\"thumbnails_count\":0,\"original_main_size\":943598,\"class\":\"RIO_Attachment_Extra_Data\"}","created_at":1741773124}
12-03-2025 12:52:04 [dev.gi.by][info] Preparing to upload a file (D:/OSPanel-6.0.0/home/dev.gi.by/public/wp-content/uploads/2020/12/Rectangle-3-24.png) to a remote server (server_2).
12-03-2025 12:52:13 [dev.gi.by][debug] New queue created #857, attributes values: {"server_id":null,"object_id":"3224","object_name":"","item_type":"attachment","item_hash":null,"item_hash_alternative":null,"result_status":"success","processing_level":"normal","is_backed_up":true,"original_size":363,"final_size":125,"original_mime_type":"image\/png","final_mime_type":"image\/png","extra_data":"{\"thumbnails_count\":0,\"original_main_size\":363,\"class\":\"RIO_Attachment_Extra_Data\"}","created_at":1741773133}
12-03-2025 12:52:14 [dev.gi.by][info] Preparing to upload a file (D:/OSPanel-6.0.0/home/dev.gi.by/public/wp-content/uploads/2020/12/164A0696.jpg) to a remote server (server_2).
12-03-2025 12:52:26 [dev.gi.by][debug] New queue created #858, attributes values: {"server_id":null,"object_id":"3225","object_name":"","item_type":"attachment","item_hash":null,"item_hash_alternative":null,"result_status":"success","processing_level":"normal","is_backed_up":true,"original_size":540750,"final_size":133420,"original_mime_type":"image\/jpeg","final_mime_type":"image\/jpeg","extra_data":"{\"thumbnails_count\":0,\"original_main_size\":540750,\"class\":\"RIO_Attachment_Extra_Data\"}","created_at":1741773146}
12-03-2025 12:52:26 [dev.gi.by][info] End cron job. Scope: media-library
-------------------------------
12-03-2025 12:55:58 [dev.gi.by][info] Start cron job. Scope: media-library
12-03-2025 12:55:59 [dev.gi.by][info] Preparing to upload a file (D:/OSPanel-6.0.0/home/dev.gi.by/public/wp-content/uploads/2020/12/164A2272-7.jpg) to a remote server (server_2).
12-03-2025 12:56:04 [dev.gi.by][debug] New queue created #859, attributes values: {"server_id":null,"object_id":"3228","object_name":"","item_type":"attachment","item_hash":null,"item_hash_alternative":null,"result_status":"success","processing_level":"normal","is_backed_up":true,"original_size":943598,"final_size":127028,"original_mime_type":"image\/jpeg","final_mime_type":"image\/jpeg","extra_data":"{\"thumbnails_count\":0,\"original_main_size\":943598,\"class\":\"RIO_Attachment_Extra_Data\"}","created_at":1741773364}
12-03-2025 12:56:04 [dev.gi.by][info] Preparing to upload a file (D:/OSPanel-6.0.0/home/dev.gi.by/public/wp-content/uploads/2020/12/Модо-1.jpg) to a remote server (server_2).
12-03-2025 12:56:05 [dev.gi.by][debug] New queue created #860, attributes values: {"server_id":null,"object_id":"3229","object_name":"","item_type":"attachment","item_hash":null,"item_hash_alternative":null,"result_status":"success","processing_level":"normal","is_backed_up":true,"original_size":99743,"final_size":99503,"original_mime_type":"image\/jpeg","final_mime_type":"image\/jpeg","extra_data":"{\"thumbnails_count\":0,\"original_main_size\":99743,\"class\":\"RIO_Attachment_Extra_Data\"}","created_at":1741773365}
12-03-2025 12:56:05 [dev.gi.by][info] Preparing to upload a file (D:/OSPanel-6.0.0/home/dev.gi.by/public/wp-content/uploads/2020/12/Rectangle-3-25.png) to a remote server (server_2).
12-03-2025 12:56:06 [dev.gi.by][debug] New queue created #861, attributes values: {"server_id":null,"object_id":"3231","object_name":"","item_type":"attachment","item_hash":null,"item_hash_alternative":null,"result_status":"success","processing_level":"normal","is_backed_up":true,"original_size":363,"final_size":125,"original_mime_type":"image\/png","final_mime_type":"image\/png","extra_data":"{\"thumbnails_count\":0,\"original_main_size\":363,\"class\":\"RIO_Attachment_Extra_Data\"}","created_at":1741773366}
12-03-2025 12:56:06 [dev.gi.by][info] End cron job. Scope: media-library
-------------------------------
12-03-2025 13:02:01 [dev.gi.by][info] Start cron job. Scope: media-library
12-03-2025 13:02:01 [dev.gi.by][info] Preparing to upload a file (D:/OSPanel-6.0.0/home/dev.gi.by/public/wp-content/uploads/2020/12/Rectangle-3-26.png) to a remote server (server_2).
12-03-2025 13:02:17 [dev.gi.by][debug] New queue created #862, attributes values: {"server_id":null,"object_id":"3233","object_name":"","item_type":"attachment","item_hash":null,"item_hash_alternative":null,"result_status":"success","processing_level":"normal","is_backed_up":true,"original_size":363,"final_size":125,"original_mime_type":"image\/png","final_mime_type":"image\/png","extra_data":"{\"thumbnails_count\":0,\"original_main_size\":363,\"class\":\"RIO_Attachment_Extra_Data\"}","created_at":1741773737}
12-03-2025 13:02:18 [dev.gi.by][info] Preparing to upload a file (D:/OSPanel-6.0.0/home/dev.gi.by/public/wp-content/uploads/2020/12/164A2272-8.jpg) to a remote server (server_2).
12-03-2025 13:02:20 [dev.gi.by][debug] New queue created #863, attributes values: {"server_id":null,"object_id":"3234","object_name":"","item_type":"attachment","item_hash":null,"item_hash_alternative":null,"result_status":"success","processing_level":"normal","is_backed_up":true,"original_size":943598,"final_size":127028,"original_mime_type":"image\/jpeg","final_mime_type":"image\/jpeg","extra_data":"{\"thumbnails_count\":0,\"original_main_size\":943598,\"class\":\"RIO_Attachment_Extra_Data\"}","created_at":1741773740}
12-03-2025 13:02:23 [dev.gi.by][info] Preparing to upload a file (D:/OSPanel-6.0.0/home/dev.gi.by/public/wp-content/uploads/2020/12/Group-38.png) to a remote server (server_2).
12-03-2025 13:02:40 [dev.gi.by][debug] New queue created #864, attributes values: {"server_id":null,"object_id":"3235","object_name":"","item_type":"attachment","item_hash":null,"item_hash_alternative":null,"result_status":"success","processing_level":"normal","is_backed_up":true,"original_size":3227839,"final_size":920509,"original_mime_type":"image\/png","final_mime_type":"image\/png","extra_data":"{\"thumbnails_count\":0,\"original_main_size\":3227839,\"class\":\"RIO_Attachment_Extra_Data\"}","created_at":1741773760}
12-03-2025 13:02:40 [dev.gi.by][info] End cron job. Scope: media-library
-------------------------------
12-03-2025 13:06:03 [dev.gi.by][info] Start cron job. Scope: media-library
12-03-2025 13:06:06 [dev.gi.by][info] Preparing to upload a file (D:/OSPanel-6.0.0/home/dev.gi.by/public/wp-content/uploads/2020/12/1.png) to a remote server (server_2).
12-03-2025 13:06:14 [dev.gi.by][debug] New queue created #865, attributes values: {"server_id":null,"object_id":"3278","object_name":"","item_type":"attachment","item_hash":null,"item_hash_alternative":null,"result_status":"success","processing_level":"normal","is_backed_up":true,"original_size":4213950,"final_size":1383817,"original_mime_type":"image\/png","final_mime_type":"image\/png","extra_data":"{\"thumbnails_count\":0,\"original_main_size\":4213950,\"class\":\"RIO_Attachment_Extra_Data\"}","created_at":1741773974}
12-03-2025 13:06:14 [dev.gi.by][info] Preparing to upload a file (D:/OSPanel-6.0.0/home/dev.gi.by/public/wp-content/uploads/2020/12/Leda-03.jpg) to a remote server (server_2).
12-03-2025 13:06:18 [dev.gi.by][debug] New queue created #866, attributes values: {"server_id":null,"object_id":"3287","object_name":"","item_type":"attachment","item_hash":null,"item_hash_alternative":null,"result_status":"success","processing_level":"normal","is_backed_up":true,"original_size":72360,"final_size":72120,"original_mime_type":"image\/jpeg","final_mime_type":"image\/jpeg","extra_data":"{\"thumbnails_count\":0,\"original_main_size\":72360,\"class\":\"RIO_Attachment_Extra_Data\"}","created_at":1741773978}
12-03-2025 13:06:18 [dev.gi.by][info] Preparing to upload a file (D:/OSPanel-6.0.0/home/dev.gi.by/public/wp-content/uploads/2020/12/07-сайт-min.jpg) to a remote server (server_2).
12-03-2025 13:06:19 [dev.gi.by][debug] New queue created #867, attributes values: {"server_id":null,"object_id":"3291","object_name":"","item_type":"attachment","item_hash":null,"item_hash_alternative":null,"result_status":"success","processing_level":"normal","is_backed_up":true,"original_size":38874,"final_size":38874,"original_mime_type":"image\/jpeg","final_mime_type":"image\/jpeg","extra_data":"{\"thumbnails_count\":0,\"original_main_size\":38874,\"class\":\"RIO_Attachment_Extra_Data\"}","created_at":1741773979}
12-03-2025 13:06:19 [dev.gi.by][info] End cron job. Scope: media-library
-------------------------------
12-03-2025 13:12:06 [dev.gi.by][info] Start cron job. Scope: media-library
12-03-2025 13:12:06 [dev.gi.by][info] Preparing to upload a file (D:/OSPanel-6.0.0/home/dev.gi.by/public/wp-content/uploads/2020/12/07-сайт-min-1.jpg) to a remote server (server_2).
12-03-2025 13:12:42 [dev.gi.by][debug] New queue created #868, attributes values: {"server_id":null,"object_id":"3292","object_name":"","item_type":"attachment","item_hash":null,"item_hash_alternative":null,"result_status":"success","processing_level":"normal","is_backed_up":true,"original_size":38874,"final_size":38874,"original_mime_type":"image\/jpeg","final_mime_type":"image\/jpeg","extra_data":"{\"thumbnails_count\":0,\"original_main_size\":38874,\"class\":\"RIO_Attachment_Extra_Data\"}","created_at":1741774362}
12-03-2025 13:12:42 [dev.gi.by][info] Preparing to upload a file (D:/OSPanel-6.0.0/home/dev.gi.by/public/wp-content/uploads/2020/12/Крупица_001.jpg) to a remote server (server_2).
12-03-2025 13:13:05 [dev.gi.by][debug] New queue created #869, attributes values: {"server_id":null,"object_id":"3293","object_name":"","item_type":"attachment","item_hash":null,"item_hash_alternative":null,"result_status":"success","processing_level":"normal","is_backed_up":true,"original_size":63411,"final_size":63171,"original_mime_type":"image\/jpeg","final_mime_type":"image\/jpeg","extra_data":"{\"thumbnails_count\":0,\"original_main_size\":63411,\"class\":\"RIO_Attachment_Extra_Data\"}","created_at":1741774385}
12-03-2025 13:13:05 [dev.gi.by][info] Preparing to upload a file (D:/OSPanel-6.0.0/home/dev.gi.by/public/wp-content/uploads/2020/12/Erie-05.jpg) to a remote server (server_2).
12-03-2025 13:13:19 [dev.gi.by][debug] New queue created #870, attributes values: {"server_id":null,"object_id":"3294","object_name":"","item_type":"attachment","item_hash":null,"item_hash_alternative":null,"result_status":"success","processing_level":"normal","is_backed_up":true,"original_size":58254,"final_size":58014,"original_mime_type":"image\/jpeg","final_mime_type":"image\/jpeg","extra_data":"{\"thumbnails_count\":0,\"original_main_size\":58254,\"class\":\"RIO_Attachment_Extra_Data\"}","created_at":1741774399}
12-03-2025 13:13:19 [dev.gi.by][info] End cron job. Scope: media-library
-------------------------------
12-03-2025 13:16:08 [dev.gi.by][info] Start cron job. Scope: media-library
12-03-2025 13:16:08 [dev.gi.by][info] Preparing to upload a file (D:/OSPanel-6.0.0/home/dev.gi.by/public/wp-content/uploads/2020/12/Damiana-32.jpg) to a remote server (server_2).
12-03-2025 13:16:30 [dev.gi.by][debug] New queue created #871, attributes values: {"server_id":null,"object_id":"3295","object_name":"","item_type":"attachment","item_hash":null,"item_hash_alternative":null,"result_status":"success","processing_level":"normal","is_backed_up":true,"original_size":74863,"final_size":74623,"original_mime_type":"image\/jpeg","final_mime_type":"image\/jpeg","extra_data":"{\"thumbnails_count\":0,\"original_main_size\":74863,\"class\":\"RIO_Attachment_Extra_Data\"}","created_at":1741774590}
12-03-2025 13:16:30 [dev.gi.by][info] Preparing to upload a file (D:/OSPanel-6.0.0/home/dev.gi.by/public/wp-content/uploads/2020/12/Astoria-12.jpg) to a remote server (server_2).
12-03-2025 13:16:31 [dev.gi.by][debug] New queue created #872, attributes values: {"server_id":null,"object_id":"3296","object_name":"","item_type":"attachment","item_hash":null,"item_hash_alternative":null,"result_status":"success","processing_level":"normal","is_backed_up":true,"original_size":59413,"final_size":59413,"original_mime_type":"image\/jpeg","final_mime_type":"image\/jpeg","extra_data":"{\"thumbnails_count\":0,\"original_main_size\":59413,\"class\":\"RIO_Attachment_Extra_Data\"}","created_at":1741774591}
12-03-2025 13:16:31 [dev.gi.by][info] Preparing to upload a file (D:/OSPanel-6.0.0/home/dev.gi.by/public/wp-content/uploads/2020/12/Freda-31.jpg) to a remote server (server_2).
12-03-2025 13:16:52 [dev.gi.by][debug] New queue created #873, attributes values: {"server_id":null,"object_id":"3297","object_name":"","item_type":"attachment","item_hash":null,"item_hash_alternative":null,"result_status":"success","processing_level":"normal","is_backed_up":true,"original_size":78810,"final_size":78570,"original_mime_type":"image\/jpeg","final_mime_type":"image\/jpeg","extra_data":"{\"thumbnails_count\":0,\"original_main_size\":78810,\"class\":\"RIO_Attachment_Extra_Data\"}","created_at":1741774612}
12-03-2025 13:16:52 [dev.gi.by][info] End cron job. Scope: media-library
-------------------------------
12-03-2025 13:20:11 [dev.gi.by][info] Start cron job. Scope: media-library
12-03-2025 13:20:11 [dev.gi.by][info] Preparing to upload a file (D:/OSPanel-6.0.0/home/dev.gi.by/public/wp-content/uploads/2020/12/Фацет.jpg) to a remote server (server_2).
12-03-2025 13:20:13 [dev.gi.by][debug] New queue created #874, attributes values: {"server_id":null,"object_id":"3298","object_name":"","item_type":"attachment","item_hash":null,"item_hash_alternative":null,"result_status":"success","processing_level":"normal","is_backed_up":true,"original_size":72666,"final_size":72426,"original_mime_type":"image\/jpeg","final_mime_type":"image\/jpeg","extra_data":"{\"thumbnails_count\":0,\"original_main_size\":72666,\"class\":\"RIO_Attachment_Extra_Data\"}","created_at":1741774813}
12-03-2025 13:20:13 [dev.gi.by][info] Preparing to upload a file (D:/OSPanel-6.0.0/home/dev.gi.by/public/wp-content/uploads/2020/12/IMG_0051.jpg) to a remote server (server_2).
12-03-2025 13:20:16 [dev.gi.by][debug] New queue created #875, attributes values: {"server_id":null,"object_id":"3299","object_name":"","item_type":"attachment","item_hash":null,"item_hash_alternative":null,"result_status":"success","processing_level":"normal","is_backed_up":true,"original_size":43709,"final_size":43469,"original_mime_type":"image\/jpeg","final_mime_type":"image\/jpeg","extra_data":"{\"thumbnails_count\":0,\"original_main_size\":43709,\"class\":\"RIO_Attachment_Extra_Data\"}","created_at":1741774816}
12-03-2025 13:20:16 [dev.gi.by][info] Preparing to upload a file (D:/OSPanel-6.0.0/home/dev.gi.by/public/wp-content/uploads/2020/12/Estel_fasad1.jpg) to a remote server (server_2).
12-03-2025 13:20:44 [dev.gi.by][debug] New queue created #876, attributes values: {"server_id":null,"object_id":"3300","object_name":"","item_type":"attachment","item_hash":null,"item_hash_alternative":null,"result_status":"success","processing_level":"normal","is_backed_up":true,"original_size":32601,"final_size":32361,"original_mime_type":"image\/jpeg","final_mime_type":"image\/jpeg","extra_data":"{\"thumbnails_count\":0,\"original_main_size\":32601,\"class\":\"RIO_Attachment_Extra_Data\"}","created_at":1741774844}
12-03-2025 13:20:44 [dev.gi.by][info] End cron job. Scope: media-library
-------------------------------
12-03-2025 13:26:14 [dev.gi.by][info] Start cron job. Scope: media-library
12-03-2025 13:26:14 [dev.gi.by][info] Preparing to upload a file (D:/OSPanel-6.0.0/home/dev.gi.by/public/wp-content/uploads/2020/12/IM1_1101.jpg) to a remote server (server_2).
12-03-2025 13:26:28 [dev.gi.by][debug] New queue created #877, attributes values: {"server_id":null,"object_id":"3301","object_name":"","item_type":"attachment","item_hash":null,"item_hash_alternative":null,"result_status":"success","processing_level":"normal","is_backed_up":true,"original_size":38042,"final_size":37802,"original_mime_type":"image\/jpeg","final_mime_type":"image\/jpeg","extra_data":"{\"thumbnails_count\":0,\"original_main_size\":38042,\"class\":\"RIO_Attachment_Extra_Data\"}","created_at":1741775188}
12-03-2025 13:26:28 [dev.gi.by][info] Preparing to upload a file (D:/OSPanel-6.0.0/home/dev.gi.by/public/wp-content/uploads/2020/12/Capry-56.jpg) to a remote server (server_2).
12-03-2025 13:26:54 [dev.gi.by][debug] New queue created #878, attributes values: {"server_id":null,"object_id":"3302","object_name":"","item_type":"attachment","item_hash":null,"item_hash_alternative":null,"result_status":"success","processing_level":"normal","is_backed_up":true,"original_size":45558,"final_size":45318,"original_mime_type":"image\/jpeg","final_mime_type":"image\/jpeg","extra_data":"{\"thumbnails_count\":0,\"original_main_size\":45558,\"class\":\"RIO_Attachment_Extra_Data\"}","created_at":1741775214}
12-03-2025 13:26:54 [dev.gi.by][info] Preparing to upload a file (D:/OSPanel-6.0.0/home/dev.gi.by/public/wp-content/uploads/2020/12/Calypso-24.jpg) to a remote server (server_2).
12-03-2025 13:27:19 [dev.gi.by][debug] New queue created #879, attributes values: {"server_id":null,"object_id":"3303","object_name":"","item_type":"attachment","item_hash":null,"item_hash_alternative":null,"result_status":"success","processing_level":"normal","is_backed_up":true,"original_size":38950,"final_size":38710,"original_mime_type":"image\/jpeg","final_mime_type":"image\/jpeg","extra_data":"{\"thumbnails_count\":0,\"original_main_size\":38950,\"class\":\"RIO_Attachment_Extra_Data\"}","created_at":1741775239}
12-03-2025 13:27:19 [dev.gi.by][info] End cron job. Scope: media-library
-------------------------------
12-03-2025 13:30:15 [dev.gi.by][info] Start cron job. Scope: media-library
12-03-2025 13:30:15 [dev.gi.by][info] Preparing to upload a file (D:/OSPanel-6.0.0/home/dev.gi.by/public/wp-content/uploads/2020/12/Capry-64.jpg) to a remote server (server_2).
12-03-2025 13:30:51 [dev.gi.by][debug] New queue created #880, attributes values: {"server_id":null,"object_id":"3304","object_name":"","item_type":"attachment","item_hash":null,"item_hash_alternative":null,"result_status":"success","processing_level":"normal","is_backed_up":true,"original_size":33840,"final_size":33600,"original_mime_type":"image\/jpeg","final_mime_type":"image\/jpeg","extra_data":"{\"thumbnails_count\":0,\"original_main_size\":33840,\"class\":\"RIO_Attachment_Extra_Data\"}","created_at":1741775451}
12-03-2025 13:30:51 [dev.gi.by][info] Preparing to upload a file (D:/OSPanel-6.0.0/home/dev.gi.by/public/wp-content/uploads/2020/12/0028.jpg) to a remote server (server_2).
12-03-2025 13:31:21 [dev.gi.by][debug] New queue created #881, attributes values: {"server_id":null,"object_id":"3305","object_name":"","item_type":"attachment","item_hash":null,"item_hash_alternative":null,"result_status":"success","processing_level":"normal","is_backed_up":true,"original_size":60585,"final_size":60345,"original_mime_type":"image\/jpeg","final_mime_type":"image\/jpeg","extra_data":"{\"thumbnails_count\":0,\"original_main_size\":60585,\"class\":\"RIO_Attachment_Extra_Data\"}","created_at":1741775481}
12-03-2025 13:31:21 [dev.gi.by][info] Preparing to upload a file (D:/OSPanel-6.0.0/home/dev.gi.by/public/wp-content/uploads/2020/12/Missuri-12.jpg) to a remote server (server_2).
12-03-2025 13:31:35 [dev.gi.by][debug] New queue created #882, attributes values: {"server_id":null,"object_id":"3306","object_name":"","item_type":"attachment","item_hash":null,"item_hash_alternative":null,"result_status":"success","processing_level":"normal","is_backed_up":true,"original_size":75723,"final_size":75483,"original_mime_type":"image\/jpeg","final_mime_type":"image\/jpeg","extra_data":"{\"thumbnails_count\":0,\"original_main_size\":75723,\"class\":\"RIO_Attachment_Extra_Data\"}","created_at":1741775495}
12-03-2025 13:31:35 [dev.gi.by][info] End cron job. Scope: media-library
-------------------------------
12-03-2025 13:36:19 [dev.gi.by][info] Start cron job. Scope: media-library
12-03-2025 13:36:19 [dev.gi.by][info] Preparing to upload a file (D:/OSPanel-6.0.0/home/dev.gi.by/public/wp-content/uploads/2020/12/Alp-02.jpg) to a remote server (server_2).
12-03-2025 13:36:51 [dev.gi.by][debug] New queue created #883, attributes values: {"server_id":null,"object_id":"3307","object_name":"","item_type":"attachment","item_hash":null,"item_hash_alternative":null,"result_status":"success","processing_level":"normal","is_backed_up":true,"original_size":44753,"final_size":44513,"original_mime_type":"image\/jpeg","final_mime_type":"image\/jpeg","extra_data":"{\"thumbnails_count\":0,\"original_main_size\":44753,\"class\":\"RIO_Attachment_Extra_Data\"}","created_at":1741775811}
12-03-2025 13:36:51 [dev.gi.by][info] Preparing to upload a file (D:/OSPanel-6.0.0/home/dev.gi.by/public/wp-content/uploads/2020/12/Capry-MDF-05.jpg) to a remote server (server_2).
12-03-2025 13:37:32 [dev.gi.by][debug] New queue created #884, attributes values: {"server_id":null,"object_id":"3308","object_name":"","item_type":"attachment","item_hash":null,"item_hash_alternative":null,"result_status":"success","processing_level":"normal","is_backed_up":true,"original_size":56135,"final_size":55895,"original_mime_type":"image\/jpeg","final_mime_type":"image\/jpeg","extra_data":"{\"thumbnails_count\":0,\"original_main_size\":56135,\"class\":\"RIO_Attachment_Extra_Data\"}","created_at":1741775852}
12-03-2025 13:37:32 [dev.gi.by][info] Preparing to upload a file (D:/OSPanel-6.0.0/home/dev.gi.by/public/wp-content/uploads/2020/12/Limba-13_2.jpg) to a remote server (server_2).
12-03-2025 13:38:06 [dev.gi.by][debug] New queue created #885, attributes values: {"server_id":null,"object_id":"3309","object_name":"","item_type":"attachment","item_hash":null,"item_hash_alternative":null,"result_status":"success","processing_level":"normal","is_backed_up":true,"original_size":51191,"final_size":50951,"original_mime_type":"image\/jpeg","final_mime_type":"image\/jpeg","extra_data":"{\"thumbnails_count\":0,\"original_main_size\":51191,\"class\":\"RIO_Attachment_Extra_Data\"}","created_at":1741775886}
12-03-2025 13:38:06 [dev.gi.by][info] End cron job. Scope: media-library
-------------------------------
12-03-2025 13:40:21 [dev.gi.by][info] Start cron job. Scope: media-library
12-03-2025 13:40:21 [dev.gi.by][info] Preparing to upload a file (D:/OSPanel-6.0.0/home/dev.gi.by/public/wp-content/uploads/2020/12/Astoria-white-04.jpg) to a remote server (server_2).
12-03-2025 13:40:49 [dev.gi.by][debug] New queue created #886, attributes values: {"server_id":null,"object_id":"3310","object_name":"","item_type":"attachment","item_hash":null,"item_hash_alternative":null,"result_status":"success","processing_level":"normal","is_backed_up":true,"original_size":67244,"final_size":67004,"original_mime_type":"image\/jpeg","final_mime_type":"image\/jpeg","extra_data":"{\"thumbnails_count\":0,\"original_main_size\":67244,\"class\":\"RIO_Attachment_Extra_Data\"}","created_at":1741776049}
12-03-2025 13:40:49 [dev.gi.by][info] Preparing to upload a file (D:/OSPanel-6.0.0/home/dev.gi.by/public/wp-content/uploads/2020/12/Alp-42.jpg) to a remote server (server_2).
12-03-2025 13:41:14 [dev.gi.by][debug] New queue created #887, attributes values: {"server_id":null,"object_id":"3311","object_name":"","item_type":"attachment","item_hash":null,"item_hash_alternative":null,"result_status":"success","processing_level":"normal","is_backed_up":true,"original_size":44221,"final_size":44221,"original_mime_type":"image\/jpeg","final_mime_type":"image\/jpeg","extra_data":"{\"thumbnails_count\":0,\"original_main_size\":44221,\"class\":\"RIO_Attachment_Extra_Data\"}","created_at":1741776074}
12-03-2025 13:41:14 [dev.gi.by][info] Preparing to upload a file (D:/OSPanel-6.0.0/home/dev.gi.by/public/wp-content/uploads/2020/12/Astoria-11.jpg) to a remote server (server_2).
12-03-2025 13:41:39 [dev.gi.by][debug] New queue created #888, attributes values: {"server_id":null,"object_id":"3312","object_name":"","item_type":"attachment","item_hash":null,"item_hash_alternative":null,"result_status":"success","processing_level":"normal","is_backed_up":true,"original_size":56171,"final_size":56171,"original_mime_type":"image\/jpeg","final_mime_type":"image\/jpeg","extra_data":"{\"thumbnails_count\":0,\"original_main_size\":56171,\"class\":\"RIO_Attachment_Extra_Data\"}","created_at":1741776099}
12-03-2025 13:41:39 [dev.gi.by][info] End cron job. Scope: media-library
-------------------------------
12-03-2025 13:46:23 [dev.gi.by][info] Start cron job. Scope: media-library
12-03-2025 13:46:23 [dev.gi.by][info] Preparing to upload a file (D:/OSPanel-6.0.0/home/dev.gi.by/public/wp-content/uploads/2020/12/Natali-Siena-1-min.jpg) to a remote server (server_2).
12-03-2025 13:46:52 [dev.gi.by][debug] New queue created #889, attributes values: {"server_id":null,"object_id":"3313","object_name":"","item_type":"attachment","item_hash":null,"item_hash_alternative":null,"result_status":"success","processing_level":"normal","is_backed_up":true,"original_size":31591,"final_size":31591,"original_mime_type":"image\/jpeg","final_mime_type":"image\/jpeg","extra_data":"{\"thumbnails_count\":0,\"original_main_size\":31591,\"class\":\"RIO_Attachment_Extra_Data\"}","created_at":1741776412}
12-03-2025 13:46:52 [dev.gi.by][info] Preparing to upload a file (D:/OSPanel-6.0.0/home/dev.gi.by/public/wp-content/uploads/2020/12/Norma-01.jpg) to a remote server (server_2).
12-03-2025 13:47:32 [dev.gi.by][debug] New queue created #890, attributes values: {"server_id":null,"object_id":"3314","object_name":"","item_type":"attachment","item_hash":null,"item_hash_alternative":null,"result_status":"success","processing_level":"normal","is_backed_up":true,"original_size":58353,"final_size":58113,"original_mime_type":"image\/jpeg","final_mime_type":"image\/jpeg","extra_data":"{\"thumbnails_count\":0,\"original_main_size\":58353,\"class\":\"RIO_Attachment_Extra_Data\"}","created_at":1741776452}
12-03-2025 13:47:32 [dev.gi.by][info] Preparing to upload a file (D:/OSPanel-6.0.0/home/dev.gi.by/public/wp-content/uploads/2020/12/Alp-41.jpg) to a remote server (server_2).
12-03-2025 13:48:10 [dev.gi.by][debug] New queue created #891, attributes values: {"server_id":null,"object_id":"3315","object_name":"","item_type":"attachment","item_hash":null,"item_hash_alternative":null,"result_status":"success","processing_level":"normal","is_backed_up":true,"original_size":46647,"final_size":46647,"original_mime_type":"image\/jpeg","final_mime_type":"image\/jpeg","extra_data":"{\"thumbnails_count\":0,\"original_main_size\":46647,\"class\":\"RIO_Attachment_Extra_Data\"}","created_at":1741776490}
12-03-2025 13:48:10 [dev.gi.by][info] End cron job. Scope: media-library
-------------------------------
12-03-2025 13:50:25 [dev.gi.by][info] Start cron job. Scope: media-library
12-03-2025 13:50:25 [dev.gi.by][info] Preparing to upload a file (D:/OSPanel-6.0.0/home/dev.gi.by/public/wp-content/uploads/2020/12/Норма-Уручье.jpg) to a remote server (server_2).
12-03-2025 13:51:02 [dev.gi.by][debug] New queue created #892, attributes values: {"server_id":null,"object_id":"3316","object_name":"","item_type":"attachment","item_hash":null,"item_hash_alternative":null,"result_status":"success","processing_level":"normal","is_backed_up":true,"original_size":117283,"final_size":117041,"original_mime_type":"image\/jpeg","final_mime_type":"image\/jpeg","extra_data":"{\"thumbnails_count\":0,\"original_main_size\":117283,\"class\":\"RIO_Attachment_Extra_Data\"}","created_at":1741776662}
12-03-2025 13:51:02 [dev.gi.by][info] Preparing to upload a file (D:/OSPanel-6.0.0/home/dev.gi.by/public/wp-content/uploads/2020/12/SCH5876.jpg) to a remote server (server_2).
12-03-2025 13:51:26 [dev.gi.by][debug] New queue created #893, attributes values: {"server_id":null,"object_id":"3317","object_name":"","item_type":"attachment","item_hash":null,"item_hash_alternative":null,"result_status":"success","processing_level":"normal","is_backed_up":true,"original_size":51670,"final_size":51430,"original_mime_type":"image\/jpeg","final_mime_type":"image\/jpeg","extra_data":"{\"thumbnails_count\":0,\"original_main_size\":51670,\"class\":\"RIO_Attachment_Extra_Data\"}","created_at":1741776686}
12-03-2025 13:51:26 [dev.gi.by][info] Preparing to upload a file (D:/OSPanel-6.0.0/home/dev.gi.by/public/wp-content/uploads/2020/12/Крупица_008.jpg) to a remote server (server_2).
12-03-2025 13:51:58 [dev.gi.by][debug] New queue created #894, attributes values: {"server_id":null,"object_id":"3318","object_name":"","item_type":"attachment","item_hash":null,"item_hash_alternative":null,"result_status":"success","processing_level":"normal","is_backed_up":true,"original_size":61754,"final_size":61514,"original_mime_type":"image\/jpeg","final_mime_type":"image\/jpeg","extra_data":"{\"thumbnails_count\":0,\"original_main_size\":61754,\"class\":\"RIO_Attachment_Extra_Data\"}","created_at":1741776718}
12-03-2025 13:51:58 [dev.gi.by][info] End cron job. Scope: media-library
-------------------------------
12-03-2025 13:55:38 [dev.gi.by][info] Start cron job. Scope: media-library
12-03-2025 13:55:38 [dev.gi.by][info] Preparing to upload a file (D:/OSPanel-6.0.0/home/dev.gi.by/public/wp-content/uploads/2020/12/Норма-Уручье-1.jpg) to a remote server (server_2).
12-03-2025 13:56:12 [dev.gi.by][debug] New queue created #895, attributes values: {"server_id":null,"object_id":"3319","object_name":"","item_type":"attachment","item_hash":null,"item_hash_alternative":null,"result_status":"success","processing_level":"normal","is_backed_up":true,"original_size":117283,"final_size":117041,"original_mime_type":"image\/jpeg","final_mime_type":"image\/jpeg","extra_data":"{\"thumbnails_count\":0,\"original_main_size\":117283,\"class\":\"RIO_Attachment_Extra_Data\"}","created_at":1741776972}
12-03-2025 13:56:12 [dev.gi.by][info] Preparing to upload a file (D:/OSPanel-6.0.0/home/dev.gi.by/public/wp-content/uploads/2020/12/Alp-03.jpg) to a remote server (server_2).
12-03-2025 13:56:43 [dev.gi.by][debug] New queue created #896, attributes values: {"server_id":null,"object_id":"3320","object_name":"","item_type":"attachment","item_hash":null,"item_hash_alternative":null,"result_status":"success","processing_level":"normal","is_backed_up":true,"original_size":63196,"final_size":62956,"original_mime_type":"image\/jpeg","final_mime_type":"image\/jpeg","extra_data":"{\"thumbnails_count\":0,\"original_main_size\":63196,\"class\":\"RIO_Attachment_Extra_Data\"}","created_at":1741777003}
12-03-2025 13:56:43 [dev.gi.by][info] Preparing to upload a file (D:/OSPanel-6.0.0/home/dev.gi.by/public/wp-content/uploads/2020/12/Фацет-1.jpg) to a remote server (server_2).
12-03-2025 13:57:09 [dev.gi.by][debug] New queue created #897, attributes values: {"server_id":null,"object_id":"3323","object_name":"","item_type":"attachment","item_hash":null,"item_hash_alternative":null,"result_status":"success","processing_level":"normal","is_backed_up":true,"original_size":72666,"final_size":72426,"original_mime_type":"image\/jpeg","final_mime_type":"image\/jpeg","extra_data":"{\"thumbnails_count\":0,\"original_main_size\":72666,\"class\":\"RIO_Attachment_Extra_Data\"}","created_at":1741777029}
12-03-2025 13:57:09 [dev.gi.by][info] End cron job. Scope: media-library
-------------------------------
12-03-2025 14:01:19 [dev.gi.by][info] Start cron job. Scope: media-library
12-03-2025 14:01:19 [dev.gi.by][info] Preparing to upload a file (D:/OSPanel-6.0.0/home/dev.gi.by/public/wp-content/uploads/2020/12/IMG_20161029_115211.jpg) to a remote server (server_2).
12-03-2025 14:02:02 [dev.gi.by][debug] New queue created #898, attributes values: {"server_id":null,"object_id":"3324","object_name":"","item_type":"attachment","item_hash":null,"item_hash_alternative":null,"result_status":"success","processing_level":"normal","is_backed_up":true,"original_size":44347,"final_size":44107,"original_mime_type":"image\/jpeg","final_mime_type":"image\/jpeg","extra_data":"{\"thumbnails_count\":0,\"original_main_size\":44347,\"class\":\"RIO_Attachment_Extra_Data\"}","created_at":1741777322}
12-03-2025 14:02:02 [dev.gi.by][info] Preparing to upload a file (D:/OSPanel-6.0.0/home/dev.gi.by/public/wp-content/uploads/2020/12/Натали_2.jpg) to a remote server (server_2).
12-03-2025 14:02:34 [dev.gi.by][debug] New queue created #899, attributes values: {"server_id":null,"object_id":"3325","object_name":"","item_type":"attachment","item_hash":null,"item_hash_alternative":null,"result_status":"success","processing_level":"normal","is_backed_up":true,"original_size":66276,"final_size":66036,"original_mime_type":"image\/jpeg","final_mime_type":"image\/jpeg","extra_data":"{\"thumbnails_count\":0,\"original_main_size\":66276,\"class\":\"RIO_Attachment_Extra_Data\"}","created_at":1741777354}
12-03-2025 14:02:34 [dev.gi.by][info] Preparing to upload a file (D:/OSPanel-6.0.0/home/dev.gi.by/public/wp-content/uploads/2020/12/Арли_1.jpg) to a remote server (server_2).
12-03-2025 14:03:04 [dev.gi.by][debug] New queue created #900, attributes values: {"server_id":null,"object_id":"3326","object_name":"","item_type":"attachment","item_hash":null,"item_hash_alternative":null,"result_status":"success","processing_level":"normal","is_backed_up":true,"original_size":54336,"final_size":54096,"original_mime_type":"image\/jpeg","final_mime_type":"image\/jpeg","extra_data":"{\"thumbnails_count\":0,\"original_main_size\":54336,\"class\":\"RIO_Attachment_Extra_Data\"}","created_at":1741777384}
12-03-2025 14:03:04 [dev.gi.by][info] End cron job. Scope: media-library
-------------------------------
12-03-2025 14:05:10 [dev.gi.by][info] Start cron job. Scope: media-library
12-03-2025 14:05:10 [dev.gi.by][info] Preparing to upload a file (D:/OSPanel-6.0.0/home/dev.gi.by/public/wp-content/uploads/2020/12/Симона_3-min1.jpg) to a remote server (server_2).
12-03-2025 14:05:45 [dev.gi.by][debug] New queue created #901, attributes values: {"server_id":null,"object_id":"3327","object_name":"","item_type":"attachment","item_hash":null,"item_hash_alternative":null,"result_status":"success","processing_level":"normal","is_backed_up":true,"original_size":94238,"final_size":93998,"original_mime_type":"image\/jpeg","final_mime_type":"image\/jpeg","extra_data":"{\"thumbnails_count\":0,\"original_main_size\":94238,\"class\":\"RIO_Attachment_Extra_Data\"}","created_at":1741777545}
12-03-2025 14:05:45 [dev.gi.by][info] Preparing to upload a file (D:/OSPanel-6.0.0/home/dev.gi.by/public/wp-content/uploads/2020/12/Astra-32.jpg) to a remote server (server_2).
12-03-2025 14:06:15 [dev.gi.by][debug] New queue created #902, attributes values: {"server_id":null,"object_id":"3328","object_name":"","item_type":"attachment","item_hash":null,"item_hash_alternative":null,"result_status":"success","processing_level":"normal","is_backed_up":true,"original_size":51650,"final_size":51410,"original_mime_type":"image\/jpeg","final_mime_type":"image\/jpeg","extra_data":"{\"thumbnails_count\":0,\"original_main_size\":51650,\"class\":\"RIO_Attachment_Extra_Data\"}","created_at":1741777575}
12-03-2025 14:06:15 [dev.gi.by][info] Preparing to upload a file (D:/OSPanel-6.0.0/home/dev.gi.by/public/wp-content/uploads/2020/12/Capry-34.jpg) to a remote server (server_2).
12-03-2025 14:07:00 [dev.gi.by][debug] New queue created #903, attributes values: {"server_id":null,"object_id":"3329","object_name":"","item_type":"attachment","item_hash":null,"item_hash_alternative":null,"result_status":"success","processing_level":"normal","is_backed_up":true,"original_size":51966,"final_size":51726,"original_mime_type":"image\/jpeg","final_mime_type":"image\/jpeg","extra_data":"{\"thumbnails_count\":0,\"original_main_size\":51966,\"class\":\"RIO_Attachment_Extra_Data\"}","created_at":1741777620}
12-03-2025 14:07:00 [dev.gi.by][info] End cron job. Scope: media-library
-------------------------------
12-03-2025 14:11:13 [dev.gi.by][info] Start cron job. Scope: media-library
12-03-2025 14:11:14 [dev.gi.by][info] Preparing to upload a file (D:/OSPanel-6.0.0/home/dev.gi.by/public/wp-content/uploads/2020/12/Modo-22.jpg) to a remote server (server_2).
12-03-2025 14:12:11 [dev.gi.by][debug] New queue created #904, attributes values: {"server_id":null,"object_id":"3330","object_name":"","item_type":"attachment","item_hash":null,"item_hash_alternative":null,"result_status":"success","processing_level":"normal","is_backed_up":true,"original_size":44261,"final_size":44021,"original_mime_type":"image\/jpeg","final_mime_type":"image\/jpeg","extra_data":"{\"thumbnails_count\":0,\"original_main_size\":44261,\"class\":\"RIO_Attachment_Extra_Data\"}","created_at":1741777931}
12-03-2025 14:12:11 [dev.gi.by][info] Preparing to upload a file (D:/OSPanel-6.0.0/home/dev.gi.by/public/wp-content/uploads/2020/12/Ящик3.jpg) to a remote server (server_2).
12-03-2025 14:13:14 [dev.gi.by][debug] New queue created #905, attributes values: {"server_id":null,"object_id":"3331","object_name":"","item_type":"attachment","item_hash":null,"item_hash_alternative":null,"result_status":"success","processing_level":"normal","is_backed_up":true,"original_size":57106,"final_size":56866,"original_mime_type":"image\/jpeg","final_mime_type":"image\/jpeg","extra_data":"{\"thumbnails_count\":0,\"original_main_size\":57106,\"class\":\"RIO_Attachment_Extra_Data\"}","created_at":1741777994}
12-03-2025 14:13:14 [dev.gi.by][info] Preparing to upload a file (D:/OSPanel-6.0.0/home/dev.gi.by/public/wp-content/uploads/2020/12/Петля.jpg) to a remote server (server_2).
12-03-2025 14:13:57 [dev.gi.by][debug] New queue created #906, attributes values: {"server_id":null,"object_id":"3332","object_name":"","item_type":"attachment","item_hash":null,"item_hash_alternative":null,"result_status":"success","processing_level":"normal","is_backed_up":true,"original_size":45730,"final_size":45490,"original_mime_type":"image\/jpeg","final_mime_type":"image\/jpeg","extra_data":"{\"thumbnails_count\":0,\"original_main_size\":45730,\"class\":\"RIO_Attachment_Extra_Data\"}","created_at":1741778037}
12-03-2025 14:13:57 [dev.gi.by][info] End cron job. Scope: media-library
-------------------------------
12-03-2025 14:15:16 [dev.gi.by][info] Start cron job. Scope: media-library
12-03-2025 14:15:16 [dev.gi.by][info] Preparing to upload a file (D:/OSPanel-6.0.0/home/dev.gi.by/public/wp-content/uploads/2020/12/Подъёмники.jpg) to a remote server (server_2).
12-03-2025 14:16:16 [dev.gi.by][debug] New queue created #907, attributes values: {"server_id":null,"object_id":"3333","object_name":"","item_type":"attachment","item_hash":null,"item_hash_alternative":null,"result_status":"success","processing_level":"normal","is_backed_up":true,"original_size":66274,"final_size":66034,"original_mime_type":"image\/jpeg","final_mime_type":"image\/jpeg","extra_data":"{\"thumbnails_count\":0,\"original_main_size\":66274,\"class\":\"RIO_Attachment_Extra_Data\"}","created_at":1741778176}
12-03-2025 14:16:16 [dev.gi.by][info] Preparing to upload a file (D:/OSPanel-6.0.0/home/dev.gi.by/public/wp-content/uploads/2020/12/Ящик3-1.jpg) to a remote server (server_2).
12-03-2025 14:17:16 [dev.gi.by][debug] New queue created #908, attributes values: {"server_id":null,"object_id":"3334","object_name":"","item_type":"attachment","item_hash":null,"item_hash_alternative":null,"result_status":"success","processing_level":"normal","is_backed_up":true,"original_size":57106,"final_size":56866,"original_mime_type":"image\/jpeg","final_mime_type":"image\/jpeg","extra_data":"{\"thumbnails_count\":0,\"original_main_size\":57106,\"class\":\"RIO_Attachment_Extra_Data\"}","created_at":1741778236}
12-03-2025 14:17:16 [dev.gi.by][info] Preparing to upload a file (D:/OSPanel-6.0.0/home/dev.gi.by/public/wp-content/uploads/2020/12/Сушка2.jpg) to a remote server (server_2).
12-03-2025 14:18:15 [dev.gi.by][debug] New queue created #909, attributes values: {"server_id":null,"object_id":"3335","object_name":"","item_type":"attachment","item_hash":null,"item_hash_alternative":null,"result_status":"success","processing_level":"normal","is_backed_up":true,"original_size":56734,"final_size":56494,"original_mime_type":"image\/jpeg","final_mime_type":"image\/jpeg","extra_data":"{\"thumbnails_count\":0,\"original_main_size\":56734,\"class\":\"RIO_Attachment_Extra_Data\"}","created_at":1741778295}
12-03-2025 14:18:15 [dev.gi.by][info] End cron job. Scope: media-library
-------------------------------
12-03-2025 14:20:27 [dev.gi.by][info] Start cron job. Scope: media-library
12-03-2025 14:20:27 [dev.gi.by][info] Preparing to upload a file (D:/OSPanel-6.0.0/home/dev.gi.by/public/wp-content/uploads/2020/12/Сушка-Rejs.jpg) to a remote server (server_2).
12-03-2025 14:21:20 [dev.gi.by][debug] New queue created #910, attributes values: {"server_id":null,"object_id":"3336","object_name":"","item_type":"attachment","item_hash":null,"item_hash_alternative":null,"result_status":"success","processing_level":"normal","is_backed_up":true,"original_size":71869,"final_size":71629,"original_mime_type":"image\/jpeg","final_mime_type":"image\/jpeg","extra_data":"{\"thumbnails_count\":0,\"original_main_size\":71869,\"class\":\"RIO_Attachment_Extra_Data\"}","created_at":1741778480}
12-03-2025 14:21:20 [dev.gi.by][info] Preparing to upload a file (D:/OSPanel-6.0.0/home/dev.gi.by/public/wp-content/uploads/2020/12/Раков_038_сайт-min.jpg) to a remote server (server_2).
12-03-2025 14:21:49 [dev.gi.by][debug] New queue created #911, attributes values: {"server_id":null,"object_id":"3337","object_name":"","item_type":"attachment","item_hash":null,"item_hash_alternative":null,"result_status":"success","processing_level":"normal","is_backed_up":true,"original_size":87599,"final_size":87599,"original_mime_type":"image\/jpeg","final_mime_type":"image\/jpeg","extra_data":"{\"thumbnails_count\":0,\"original_main_size\":87599,\"class\":\"RIO_Attachment_Extra_Data\"}","created_at":1741778509}
12-03-2025 14:21:49 [dev.gi.by][info] Preparing to upload a file (D:/OSPanel-6.0.0/home/dev.gi.by/public/wp-content/uploads/2020/12/Волшебный-уголок.jpg) to a remote server (server_2).
12-03-2025 14:21:54 [dev.gi.by][debug] New queue created #912, attributes values: {"server_id":null,"object_id":"3338","object_name":"","item_type":"attachment","item_hash":null,"item_hash_alternative":null,"result_status":"success","processing_level":"normal","is_backed_up":true,"original_size":74953,"final_size":74713,"original_mime_type":"image\/jpeg","final_mime_type":"image\/jpeg","extra_data":"{\"thumbnails_count\":0,\"original_main_size\":74953,\"class\":\"RIO_Attachment_Extra_Data\"}","created_at":1741778514}
12-03-2025 14:21:54 [dev.gi.by][info] End cron job. Scope: media-library
-------------------------------
12-03-2025 14:26:30 [dev.gi.by][info] Start cron job. Scope: media-library
12-03-2025 14:26:30 [dev.gi.by][info] Preparing to upload a file (D:/OSPanel-6.0.0/home/dev.gi.by/public/wp-content/uploads/2020/12/Ле-Манс.jpg) to a remote server (server_2).
12-03-2025 14:26:37 [dev.gi.by][debug] New queue created #913, attributes values: {"server_id":null,"object_id":"3339","object_name":"","item_type":"attachment","item_hash":null,"item_hash_alternative":null,"result_status":"success","processing_level":"normal","is_backed_up":true,"original_size":41048,"final_size":40808,"original_mime_type":"image\/jpeg","final_mime_type":"image\/jpeg","extra_data":"{\"thumbnails_count\":0,\"original_main_size\":41048,\"class\":\"RIO_Attachment_Extra_Data\"}","created_at":1741778797}
12-03-2025 14:26:37 [dev.gi.by][info] Preparing to upload a file (D:/OSPanel-6.0.0/home/dev.gi.by/public/wp-content/uploads/2020/12/вёдра.jpg) to a remote server (server_2).
12-03-2025 14:26:42 [dev.gi.by][debug] New queue created #914, attributes values: {"server_id":null,"object_id":"3340","object_name":"","item_type":"attachment","item_hash":null,"item_hash_alternative":null,"result_status":"success","processing_level":"normal","is_backed_up":true,"original_size":47607,"final_size":47367,"original_mime_type":"image\/jpeg","final_mime_type":"image\/jpeg","extra_data":"{\"thumbnails_count\":0,\"original_main_size\":47607,\"class\":\"RIO_Attachment_Extra_Data\"}","created_at":1741778802}
12-03-2025 14:26:42 [dev.gi.by][info] Preparing to upload a file (D:/OSPanel-6.0.0/home/dev.gi.by/public/wp-content/uploads/2020/12/Сетка-150.jpg) to a remote server (server_2).
12-03-2025 14:26:53 [dev.gi.by][debug] New queue created #915, attributes values: {"server_id":null,"object_id":"3341","object_name":"","item_type":"attachment","item_hash":null,"item_hash_alternative":null,"result_status":"success","processing_level":"normal","is_backed_up":true,"original_size":58425,"final_size":58185,"original_mime_type":"image\/jpeg","final_mime_type":"image\/jpeg","extra_data":"{\"thumbnails_count\":0,\"original_main_size\":58425,\"class\":\"RIO_Attachment_Extra_Data\"}","created_at":1741778813}
12-03-2025 14:26:53 [dev.gi.by][info] End cron job. Scope: media-library
-------------------------------
12-03-2025 14:37:35 [dev.gi.by][info] Start cron job. Scope: media-library
12-03-2025 14:37:35 [dev.gi.by][info] Preparing to upload a file (D:/OSPanel-6.0.0/home/dev.gi.by/public/wp-content/uploads/2020/12/IM1_0890-1.jpg) to a remote server (server_2).
12-03-2025 14:37:50 [dev.gi.by][debug] New queue created #916, attributes values: {"server_id":null,"object_id":"3342","object_name":"","item_type":"attachment","item_hash":null,"item_hash_alternative":null,"result_status":"success","processing_level":"normal","is_backed_up":true,"original_size":52273,"final_size":52033,"original_mime_type":"image\/jpeg","final_mime_type":"image\/jpeg","extra_data":"{\"thumbnails_count\":0,\"original_main_size\":52273,\"class\":\"RIO_Attachment_Extra_Data\"}","created_at":1741779470}
12-03-2025 14:37:50 [dev.gi.by][info] Preparing to upload a file (D:/OSPanel-6.0.0/home/dev.gi.by/public/wp-content/uploads/2020/12/IMG_20181112_151912.jpg) to a remote server (server_2).
12-03-2025 14:38:24 [dev.gi.by][debug] New queue created #917, attributes values: {"server_id":null,"object_id":"3343","object_name":"","item_type":"attachment","item_hash":null,"item_hash_alternative":null,"result_status":"success","processing_level":"normal","is_backed_up":true,"original_size":52114,"final_size":51874,"original_mime_type":"image\/jpeg","final_mime_type":"image\/jpeg","extra_data":"{\"thumbnails_count\":0,\"original_main_size\":52114,\"class\":\"RIO_Attachment_Extra_Data\"}","created_at":1741779504}
12-03-2025 14:38:24 [dev.gi.by][info] Preparing to upload a file (D:/OSPanel-6.0.0/home/dev.gi.by/public/wp-content/uploads/2020/12/Сушка-Rejs-1.jpg) to a remote server (server_2).
12-03-2025 14:38:59 [dev.gi.by][debug] New queue created #918, attributes values: {"server_id":null,"object_id":"3345","object_name":"","item_type":"attachment","item_hash":null,"item_hash_alternative":null,"result_status":"success","processing_level":"normal","is_backed_up":true,"original_size":71869,"final_size":71629,"original_mime_type":"image\/jpeg","final_mime_type":"image\/jpeg","extra_data":"{\"thumbnails_count\":0,\"original_main_size\":71869,\"class\":\"RIO_Attachment_Extra_Data\"}","created_at":1741779539}
12-03-2025 14:38:59 [dev.gi.by][info] End cron job. Scope: media-library
-------------------------------
12-03-2025 14:41:05 [dev.gi.by][info] Start cron job. Scope: media-library
12-03-2025 14:41:05 [dev.gi.by][info] Preparing to upload a file (D:/OSPanel-6.0.0/home/dev.gi.by/public/wp-content/uploads/2020/12/Modo-11-B_1920.jpg) to a remote server (server_2).
12-03-2025 14:41:21 [dev.gi.by][debug] New queue created #919, attributes values: {"server_id":null,"object_id":"3347","object_name":"","item_type":"attachment","item_hash":null,"item_hash_alternative":null,"result_status":"success","processing_level":"normal","is_backed_up":true,"original_size":58370,"final_size":58130,"original_mime_type":"image\/jpeg","final_mime_type":"image\/jpeg","extra_data":"{\"thumbnails_count\":0,\"original_main_size\":58370,\"class\":\"RIO_Attachment_Extra_Data\"}","created_at":1741779681}
12-03-2025 14:41:21 [dev.gi.by][info] Preparing to upload a file (D:/OSPanel-6.0.0/home/dev.gi.by/public/wp-content/uploads/2020/12/07-сайт-min-2.jpg) to a remote server (server_2).
12-03-2025 14:42:03 [dev.gi.by][debug] New queue created #920, attributes values: {"server_id":null,"object_id":"3348","object_name":"","item_type":"attachment","item_hash":null,"item_hash_alternative":null,"result_status":"success","processing_level":"normal","is_backed_up":true,"original_size":38874,"final_size":38874,"original_mime_type":"image\/jpeg","final_mime_type":"image\/jpeg","extra_data":"{\"thumbnails_count\":0,\"original_main_size\":38874,\"class\":\"RIO_Attachment_Extra_Data\"}","created_at":1741779723}
12-03-2025 14:42:03 [dev.gi.by][info] Preparing to upload a file (D:/OSPanel-6.0.0/home/dev.gi.by/public/wp-content/uploads/2020/12/DSC6328.jpg) to a remote server (server_2).
12-03-2025 14:42:17 [dev.gi.by][debug] New queue created #921, attributes values: {"server_id":null,"object_id":"3351","object_name":"","item_type":"attachment","item_hash":null,"item_hash_alternative":null,"result_status":"success","processing_level":"normal","is_backed_up":true,"original_size":72966,"final_size":72726,"original_mime_type":"image\/jpeg","final_mime_type":"image\/jpeg","extra_data":"{\"thumbnails_count\":0,\"original_main_size\":72966,\"class\":\"RIO_Attachment_Extra_Data\"}","created_at":1741779737}
12-03-2025 14:42:17 [dev.gi.by][info] End cron job. Scope: media-library
-------------------------------
12-03-2025 14:45:25 [dev.gi.by][info] Start cron job. Scope: media-library
12-03-2025 14:45:25 [dev.gi.by][info] Preparing to upload a file (D:/OSPanel-6.0.0/home/dev.gi.by/public/wp-content/uploads/2020/12/Calypso-03.jpg) to a remote server (server_2).
12-03-2025 14:45:26 [dev.gi.by][debug] New queue created #922, attributes values: {"server_id":null,"object_id":"3353","object_name":"","item_type":"attachment","item_hash":null,"item_hash_alternative":null,"result_status":"success","processing_level":"normal","is_backed_up":true,"original_size":47282,"final_size":47042,"original_mime_type":"image\/jpeg","final_mime_type":"image\/jpeg","extra_data":"{\"thumbnails_count\":0,\"original_main_size\":47282,\"class\":\"RIO_Attachment_Extra_Data\"}","created_at":1741779926}
12-03-2025 14:45:26 [dev.gi.by][info] Preparing to upload a file (D:/OSPanel-6.0.0/home/dev.gi.by/public/wp-content/uploads/2020/12/Damiana-04.jpg) to a remote server (server_2).
12-03-2025 14:45:41 [dev.gi.by][debug] New queue created #923, attributes values: {"server_id":null,"object_id":"3354","object_name":"","item_type":"attachment","item_hash":null,"item_hash_alternative":null,"result_status":"success","processing_level":"normal","is_backed_up":true,"original_size":44787,"final_size":44547,"original_mime_type":"image\/jpeg","final_mime_type":"image\/jpeg","extra_data":"{\"thumbnails_count\":0,\"original_main_size\":44787,\"class\":\"RIO_Attachment_Extra_Data\"}","created_at":1741779941}
12-03-2025 14:45:41 [dev.gi.by][info] Preparing to upload a file (D:/OSPanel-6.0.0/home/dev.gi.by/public/wp-content/uploads/2020/12/Calypso-24-1.jpg) to a remote server (server_2).
12-03-2025 14:45:51 [dev.gi.by][debug] New queue created #924, attributes values: {"server_id":null,"object_id":"3355","object_name":"","item_type":"attachment","item_hash":null,"item_hash_alternative":null,"result_status":"success","processing_level":"normal","is_backed_up":true,"original_size":38950,"final_size":38710,"original_mime_type":"image\/jpeg","final_mime_type":"image\/jpeg","extra_data":"{\"thumbnails_count\":0,\"original_main_size\":38950,\"class\":\"RIO_Attachment_Extra_Data\"}","created_at":1741779951}
12-03-2025 14:45:51 [dev.gi.by][info] End cron job. Scope: media-library
-------------------------------
12-03-2025 14:51:19 [dev.gi.by][info] Start cron job. Scope: media-library
12-03-2025 14:51:19 [dev.gi.by][info] Preparing to upload a file (D:/OSPanel-6.0.0/home/dev.gi.by/public/wp-content/uploads/2020/12/Marinara_corniola_izo_2_yellow-min.jpg) to a remote server (server_2).
12-03-2025 14:51:20 [dev.gi.by][debug] New queue created #925, attributes values: {"server_id":null,"object_id":"3356","object_name":"","item_type":"attachment","item_hash":null,"item_hash_alternative":null,"result_status":"success","processing_level":"normal","is_backed_up":true,"original_size":32026,"final_size":32026,"original_mime_type":"image\/jpeg","final_mime_type":"image\/jpeg","extra_data":"{\"thumbnails_count\":0,\"original_main_size\":32026,\"class\":\"RIO_Attachment_Extra_Data\"}","created_at":1741780280}
12-03-2025 14:51:20 [dev.gi.by][info] Preparing to upload a file (D:/OSPanel-6.0.0/home/dev.gi.by/public/wp-content/uploads/2020/12/Alp-42-1.jpg) to a remote server (server_2).
12-03-2025 14:51:21 [dev.gi.by][debug] New queue created #926, attributes values: {"server_id":null,"object_id":"3357","object_name":"","item_type":"attachment","item_hash":null,"item_hash_alternative":null,"result_status":"success","processing_level":"normal","is_backed_up":true,"original_size":44221,"final_size":44221,"original_mime_type":"image\/jpeg","final_mime_type":"image\/jpeg","extra_data":"{\"thumbnails_count\":0,\"original_main_size\":44221,\"class\":\"RIO_Attachment_Extra_Data\"}","created_at":1741780281}
12-03-2025 14:51:21 [dev.gi.by][info] Preparing to upload a file (D:/OSPanel-6.0.0/home/dev.gi.by/public/wp-content/uploads/2020/12/Arly-01.jpg) to a remote server (server_2).
12-03-2025 14:51:22 [dev.gi.by][debug] New queue created #927, attributes values: {"server_id":null,"object_id":"3358","object_name":"","item_type":"attachment","item_hash":null,"item_hash_alternative":null,"result_status":"success","processing_level":"normal","is_backed_up":true,"original_size":49082,"final_size":48842,"original_mime_type":"image\/jpeg","final_mime_type":"image\/jpeg","extra_data":"{\"thumbnails_count\":0,\"original_main_size\":49082,\"class\":\"RIO_Attachment_Extra_Data\"}","created_at":1741780282}
12-03-2025 14:51:22 [dev.gi.by][info] End cron job. Scope: media-library
-------------------------------
12-03-2025 14:55:46 [dev.gi.by][info] Start cron job. Scope: media-library
12-03-2025 14:55:46 [dev.gi.by][info] Preparing to upload a file (D:/OSPanel-6.0.0/home/dev.gi.by/public/wp-content/uploads/2020/12/Modo-08-B_1920.jpg) to a remote server (server_2).
12-03-2025 14:55:52 [dev.gi.by][debug] New queue created #928, attributes values: {"server_id":null,"object_id":"3359","object_name":"","item_type":"attachment","item_hash":null,"item_hash_alternative":null,"result_status":"success","processing_level":"normal","is_backed_up":true,"original_size":40422,"final_size":40182,"original_mime_type":"image\/jpeg","final_mime_type":"image\/jpeg","extra_data":"{\"thumbnails_count\":0,\"original_main_size\":40422,\"class\":\"RIO_Attachment_Extra_Data\"}","created_at":1741780552}
12-03-2025 14:55:52 [dev.gi.by][info] Preparing to upload a file (D:/OSPanel-6.0.0/home/dev.gi.by/public/wp-content/uploads/2020/12/Modo-38-anthracite.jpg) to a remote server (server_2).
12-03-2025 14:55:53 [dev.gi.by][debug] New queue created #929, attributes values: {"server_id":null,"object_id":"3360","object_name":"","item_type":"attachment","item_hash":null,"item_hash_alternative":null,"result_status":"success","processing_level":"normal","is_backed_up":true,"original_size":45746,"final_size":45506,"original_mime_type":"image\/jpeg","final_mime_type":"image\/jpeg","extra_data":"{\"thumbnails_count\":0,\"original_main_size\":45746,\"class\":\"RIO_Attachment_Extra_Data\"}","created_at":1741780553}
12-03-2025 14:55:53 [dev.gi.by][info] Preparing to upload a file (D:/OSPanel-6.0.0/home/dev.gi.by/public/wp-content/uploads/2020/12/Modo-15-B_1920.jpg) to a remote server (server_2).
12-03-2025 14:55:54 [dev.gi.by][debug] New queue created #930, attributes values: {"server_id":null,"object_id":"3361","object_name":"","item_type":"attachment","item_hash":null,"item_hash_alternative":null,"result_status":"success","processing_level":"normal","is_backed_up":true,"original_size":43366,"final_size":43126,"original_mime_type":"image\/jpeg","final_mime_type":"image\/jpeg","extra_data":"{\"thumbnails_count\":0,\"original_main_size\":43366,\"class\":\"RIO_Attachment_Extra_Data\"}","created_at":1741780554}
12-03-2025 14:55:54 [dev.gi.by][info] End cron job. Scope: media-library
-------------------------------
12-03-2025 15:00:13 [dev.gi.by][info] Start cron job. Scope: media-library
12-03-2025 15:00:13 [dev.gi.by][info] Preparing to upload a file (D:/OSPanel-6.0.0/home/dev.gi.by/public/wp-content/uploads/2020/12/Alp-42-2.jpg) to a remote server (server_2).
12-03-2025 15:00:18 [dev.gi.by][debug] New queue created #931, attributes values: {"server_id":null,"object_id":"3366","object_name":"","item_type":"attachment","item_hash":null,"item_hash_alternative":null,"result_status":"success","processing_level":"normal","is_backed_up":true,"original_size":44221,"final_size":44221,"original_mime_type":"image\/jpeg","final_mime_type":"image\/jpeg","extra_data":"{\"thumbnails_count\":0,\"original_main_size\":44221,\"class\":\"RIO_Attachment_Extra_Data\"}","created_at":1741780818}
12-03-2025 15:00:18 [dev.gi.by][info] Preparing to upload a file (D:/OSPanel-6.0.0/home/dev.gi.by/public/wp-content/uploads/2020/12/Ava-04_1.jpg) to a remote server (server_2).
12-03-2025 15:00:32 [dev.gi.by][debug] New queue created #932, attributes values: {"server_id":null,"object_id":"3367","object_name":"","item_type":"attachment","item_hash":null,"item_hash_alternative":null,"result_status":"success","processing_level":"normal","is_backed_up":true,"original_size":75147,"final_size":74907,"original_mime_type":"image\/jpeg","final_mime_type":"image\/jpeg","extra_data":"{\"thumbnails_count\":0,\"original_main_size\":75147,\"class\":\"RIO_Attachment_Extra_Data\"}","created_at":1741780832}
12-03-2025 15:00:32 [dev.gi.by][info] Preparing to upload a file (D:/OSPanel-6.0.0/home/dev.gi.by/public/wp-content/uploads/2020/12/Ava_tafira_31.jpg) to a remote server (server_2).
12-03-2025 15:00:50 [dev.gi.by][debug] New queue created #933, attributes values: {"server_id":null,"object_id":"3368","object_name":"","item_type":"attachment","item_hash":null,"item_hash_alternative":null,"result_status":"success","processing_level":"normal","is_backed_up":true,"original_size":42862,"final_size":42862,"original_mime_type":"image\/jpeg","final_mime_type":"image\/jpeg","extra_data":"{\"thumbnails_count\":0,\"original_main_size\":42862,\"class\":\"RIO_Attachment_Extra_Data\"}","created_at":1741780850}
12-03-2025 15:00:50 [dev.gi.by][info] End cron job. Scope: media-library
-------------------------------
12-03-2025 15:05:13 [dev.gi.by][info] Start cron job. Scope: media-library
12-03-2025 15:05:13 [dev.gi.by][info] Preparing to upload a file (D:/OSPanel-6.0.0/home/dev.gi.by/public/wp-content/uploads/2020/12/в.jpg) to a remote server (server_2).
12-03-2025 15:05:16 [dev.gi.by][debug] New queue created #934, attributes values: {"server_id":null,"object_id":"3372","object_name":"","item_type":"attachment","item_hash":null,"item_hash_alternative":null,"result_status":"success","processing_level":"normal","is_backed_up":true,"original_size":29667,"final_size":29667,"original_mime_type":"image\/jpeg","final_mime_type":"image\/jpeg","extra_data":"{\"thumbnails_count\":0,\"original_main_size\":29667,\"class\":\"RIO_Attachment_Extra_Data\"}","created_at":1741781116}
12-03-2025 15:05:16 [dev.gi.by][info] Preparing to upload a file (D:/OSPanel-6.0.0/home/dev.gi.by/public/wp-content/uploads/2020/12/петля-min.jpg) to a remote server (server_2).
12-03-2025 15:05:20 [dev.gi.by][debug] New queue created #935, attributes values: {"server_id":null,"object_id":"3414","object_name":"","item_type":"attachment","item_hash":null,"item_hash_alternative":null,"result_status":"success","processing_level":"normal","is_backed_up":true,"original_size":144177,"final_size":144177,"original_mime_type":"image\/jpeg","final_mime_type":"image\/jpeg","extra_data":"{\"thumbnails_count\":0,\"original_main_size\":144177,\"class\":\"RIO_Attachment_Extra_Data\"}","created_at":1741781120}
12-03-2025 15:05:20 [dev.gi.by][info] Preparing to upload a file (D:/OSPanel-6.0.0/home/dev.gi.by/public/wp-content/uploads/2020/12/Петля-Клип-топ.jpg) to a remote server (server_2).
12-03-2025 15:05:28 [dev.gi.by][debug] New queue created #936, attributes values: {"server_id":null,"object_id":"3416","object_name":"","item_type":"attachment","item_hash":null,"item_hash_alternative":null,"result_status":"success","processing_level":"normal","is_backed_up":true,"original_size":121775,"final_size":109479,"original_mime_type":"image\/jpeg","final_mime_type":"image\/jpeg","extra_data":"{\"thumbnails_count\":0,\"original_main_size\":121775,\"class\":\"RIO_Attachment_Extra_Data\"}","created_at":1741781128}
12-03-2025 15:05:28 [dev.gi.by][info] End cron job. Scope: media-library
-------------------------------
12-03-2025 15:10:23 [dev.gi.by][info] Start cron job. Scope: media-library
12-03-2025 15:10:23 [dev.gi.by][info] Preparing to upload a file (D:/OSPanel-6.0.0/home/dev.gi.by/public/wp-content/uploads/2020/12/Короб3_1-1.jpg) to a remote server (server_2).
12-03-2025 15:10:39 [dev.gi.by][debug] New queue created #937, attributes values: {"server_id":null,"object_id":"3428","object_name":"","item_type":"attachment","item_hash":null,"item_hash_alternative":null,"result_status":"success","processing_level":"normal","is_backed_up":true,"original_size":19498,"final_size":19498,"original_mime_type":"image\/jpeg","final_mime_type":"image\/jpeg","extra_data":"{\"thumbnails_count\":0,\"original_main_size\":19498,\"class\":\"RIO_Attachment_Extra_Data\"}","created_at":1741781439}
12-03-2025 15:10:39 [dev.gi.by][info] Preparing to upload a file (D:/OSPanel-6.0.0/home/dev.gi.by/public/wp-content/uploads/2020/12/terminal1_1-1.jpg) to a remote server (server_2).
12-03-2025 15:10:41 [dev.gi.by][debug] New queue created #938, attributes values: {"server_id":null,"object_id":"3430","object_name":"","item_type":"attachment","item_hash":null,"item_hash_alternative":null,"result_status":"success","processing_level":"normal","is_backed_up":true,"original_size":78226,"final_size":77986,"original_mime_type":"image\/jpeg","final_mime_type":"image\/jpeg","extra_data":"{\"thumbnails_count\":0,\"original_main_size\":78226,\"class\":\"RIO_Attachment_Extra_Data\"}","created_at":1741781441}
12-03-2025 15:10:41 [dev.gi.by][info] Preparing to upload a file (D:/OSPanel-6.0.0/home/dev.gi.by/public/wp-content/uploads/2020/12/Короб3_1.jpg) to a remote server (server_2).
12-03-2025 15:10:42 [dev.gi.by][debug] New queue created #939, attributes values: {"server_id":null,"object_id":"3432","object_name":"","item_type":"attachment","item_hash":null,"item_hash_alternative":null,"result_status":"success","processing_level":"normal","is_backed_up":true,"original_size":19498,"final_size":19498,"original_mime_type":"image\/jpeg","final_mime_type":"image\/jpeg","extra_data":"{\"thumbnails_count\":0,\"original_main_size\":19498,\"class\":\"RIO_Attachment_Extra_Data\"}","created_at":1741781442}
12-03-2025 15:10:42 [dev.gi.by][info] End cron job. Scope: media-library
-------------------------------
12-03-2025 15:16:19 [dev.gi.by][info] Start cron job. Scope: media-library
12-03-2025 15:16:19 [dev.gi.by][info] Preparing to upload a file (D:/OSPanel-6.0.0/home/dev.gi.by/public/wp-content/uploads/2020/12/Freda-26-min.jpg) to a remote server (server_2).
12-03-2025 15:16:44 [dev.gi.by][debug] New queue created #940, attributes values: {"server_id":null,"object_id":"3447","object_name":"","item_type":"attachment","item_hash":null,"item_hash_alternative":null,"result_status":"success","processing_level":"normal","is_backed_up":true,"original_size":56738,"final_size":56738,"original_mime_type":"image\/jpeg","final_mime_type":"image\/jpeg","extra_data":"{\"thumbnails_count\":0,\"original_main_size\":56738,\"class\":\"RIO_Attachment_Extra_Data\"}","created_at":1741781804}
12-03-2025 15:16:44 [dev.gi.by][info] Preparing to upload a file (D:/OSPanel-6.0.0/home/dev.gi.by/public/wp-content/uploads/2020/12/Marinara_corniola_izo_2_yellow-min-min.jpg) to a remote server (server_2).
12-03-2025 15:16:50 [dev.gi.by][debug] New queue created #941, attributes values: {"server_id":null,"object_id":"3448","object_name":"","item_type":"attachment","item_hash":null,"item_hash_alternative":null,"result_status":"success","processing_level":"normal","is_backed_up":true,"original_size":31553,"final_size":31553,"original_mime_type":"image\/jpeg","final_mime_type":"image\/jpeg","extra_data":"{\"thumbnails_count\":0,\"original_main_size\":31553,\"class\":\"RIO_Attachment_Extra_Data\"}","created_at":1741781810}
12-03-2025 15:16:50 [dev.gi.by][info] Preparing to upload a file (D:/OSPanel-6.0.0/home/dev.gi.by/public/wp-content/uploads/2020/12/Эстель_общая-min.jpg) to a remote server (server_2).
12-03-2025 15:17:10 [dev.gi.by][debug] New queue created #942, attributes values: {"server_id":null,"object_id":"3449","object_name":"","item_type":"attachment","item_hash":null,"item_hash_alternative":null,"result_status":"success","processing_level":"normal","is_backed_up":true,"original_size":99284,"final_size":99284,"original_mime_type":"image\/jpeg","final_mime_type":"image\/jpeg","extra_data":"{\"thumbnails_count\":0,\"original_main_size\":99284,\"class\":\"RIO_Attachment_Extra_Data\"}","created_at":1741781830}
12-03-2025 15:17:10 [dev.gi.by][info] End cron job. Scope: media-library
-------------------------------
12-03-2025 15:20:18 [dev.gi.by][info] Start cron job. Scope: media-library
12-03-2025 15:20:18 [dev.gi.by][info] Preparing to upload a file (D:/OSPanel-6.0.0/home/dev.gi.by/public/wp-content/uploads/2020/12/Damiana-15-min.jpg) to a remote server (server_2).
12-03-2025 15:20:36 [dev.gi.by][debug] New queue created #943, attributes values: {"server_id":null,"object_id":"3452","object_name":"","item_type":"attachment","item_hash":null,"item_hash_alternative":null,"result_status":"success","processing_level":"normal","is_backed_up":true,"original_size":59379,"final_size":59379,"original_mime_type":"image\/jpeg","final_mime_type":"image\/jpeg","extra_data":"{\"thumbnails_count\":0,\"original_main_size\":59379,\"class\":\"RIO_Attachment_Extra_Data\"}","created_at":1741782036}
12-03-2025 15:20:36 [dev.gi.by][info] Preparing to upload a file (D:/OSPanel-6.0.0/home/dev.gi.by/public/wp-content/uploads/2020/12/Damiana-05-min.jpg) to a remote server (server_2).
12-03-2025 15:20:46 [dev.gi.by][debug] New queue created #944, attributes values: {"server_id":null,"object_id":"3453","object_name":"","item_type":"attachment","item_hash":null,"item_hash_alternative":null,"result_status":"success","processing_level":"normal","is_backed_up":true,"original_size":42490,"final_size":42490,"original_mime_type":"image\/jpeg","final_mime_type":"image\/jpeg","extra_data":"{\"thumbnails_count\":0,\"original_main_size\":42490,\"class\":\"RIO_Attachment_Extra_Data\"}","created_at":1741782046}
12-03-2025 15:20:46 [dev.gi.by][info] Preparing to upload a file (D:/OSPanel-6.0.0/home/dev.gi.by/public/wp-content/uploads/2020/12/Cuba-01-min.jpg) to a remote server (server_2).
12-03-2025 15:20:48 [dev.gi.by][debug] New queue created #945, attributes values: {"server_id":null,"object_id":"3454","object_name":"","item_type":"attachment","item_hash":null,"item_hash_alternative":null,"result_status":"success","processing_level":"normal","is_backed_up":true,"original_size":52059,"final_size":52059,"original_mime_type":"image\/jpeg","final_mime_type":"image\/jpeg","extra_data":"{\"thumbnails_count\":0,\"original_main_size\":52059,\"class\":\"RIO_Attachment_Extra_Data\"}","created_at":1741782048}
12-03-2025 15:20:49 [dev.gi.by][info] End cron job. Scope: media-library
-------------------------------
12-03-2025 15:27:22 [dev.gi.by][info] Start cron job. Scope: media-library
12-03-2025 15:27:22 [dev.gi.by][info] Preparing to upload a file (D:/OSPanel-6.0.0/home/dev.gi.by/public/wp-content/uploads/2020/12/Natali-22-min.jpg) to a remote server (server_2).
12-03-2025 15:27:28 [dev.gi.by][debug] New queue created #946, attributes values: {"server_id":null,"object_id":"3457","object_name":"","item_type":"attachment","item_hash":null,"item_hash_alternative":null,"result_status":"success","processing_level":"normal","is_backed_up":true,"original_size":50988,"final_size":50988,"original_mime_type":"image\/jpeg","final_mime_type":"image\/jpeg","extra_data":"{\"thumbnails_count\":0,\"original_main_size\":50988,\"class\":\"RIO_Attachment_Extra_Data\"}","created_at":1741782448}
12-03-2025 15:27:28 [dev.gi.by][info] Preparing to upload a file (D:/OSPanel-6.0.0/home/dev.gi.by/public/wp-content/uploads/2020/12/полка-для-полотенца-min.jpg) to a remote server (server_2).
12-03-2025 15:27:29 [dev.gi.by][debug] New queue created #947, attributes values: {"server_id":null,"object_id":"3458","object_name":"","item_type":"attachment","item_hash":null,"item_hash_alternative":null,"result_status":"success","processing_level":"normal","is_backed_up":true,"original_size":92529,"final_size":92529,"original_mime_type":"image\/jpeg","final_mime_type":"image\/jpeg","extra_data":"{\"thumbnails_count\":0,\"original_main_size\":92529,\"class\":\"RIO_Attachment_Extra_Data\"}","created_at":1741782449}
12-03-2025 15:27:29 [dev.gi.by][info] Preparing to upload a file (D:/OSPanel-6.0.0/home/dev.gi.by/public/wp-content/uploads/2020/12/изображение_viber_2021.jpg) to a remote server (server_2).
12-03-2025 15:27:33 [dev.gi.by][debug] New queue created #948, attributes values: {"server_id":null,"object_id":"3461","object_name":"","item_type":"attachment","item_hash":null,"item_hash_alternative":null,"result_status":"success","processing_level":"normal","is_backed_up":true,"original_size":101280,"final_size":101038,"original_mime_type":"image\/jpeg","final_mime_type":"image\/jpeg","extra_data":"{\"thumbnails_count\":0,\"original_main_size\":101280,\"class\":\"RIO_Attachment_Extra_Data\"}","created_at":1741782453}
12-03-2025 15:27:33 [dev.gi.by][info] End cron job. Scope: media-library
-------------------------------
12-03-2025 15:30:43 [dev.gi.by][info] Start cron job. Scope: media-library
12-03-2025 15:30:43 [dev.gi.by][info] Preparing to upload a file (D:/OSPanel-6.0.0/home/dev.gi.by/public/wp-content/uploads/2020/12/Подъёмники-min.jpg) to a remote server (server_2).
12-03-2025 15:30:55 [dev.gi.by][debug] New queue created #949, attributes values: {"server_id":null,"object_id":"3463","object_name":"","item_type":"attachment","item_hash":null,"item_hash_alternative":null,"result_status":"success","processing_level":"normal","is_backed_up":true,"original_size":55361,"final_size":55361,"original_mime_type":"image\/jpeg","final_mime_type":"image\/jpeg","extra_data":"{\"thumbnails_count\":0,\"original_main_size\":55361,\"class\":\"RIO_Attachment_Extra_Data\"}","created_at":1741782655}
12-03-2025 15:30:55 [dev.gi.by][info] Preparing to upload a file (D:/OSPanel-6.0.0/home/dev.gi.by/public/wp-content/uploads/2020/12/Раков_038_сайт-min-min.jpg) to a remote server (server_2).
12-03-2025 15:30:56 [dev.gi.by][debug] New queue created #950, attributes values: {"server_id":null,"object_id":"3464","object_name":"","item_type":"attachment","item_hash":null,"item_hash_alternative":null,"result_status":"success","processing_level":"normal","is_backed_up":true,"original_size":86212,"final_size":86212,"original_mime_type":"image\/jpeg","final_mime_type":"image\/jpeg","extra_data":"{\"thumbnails_count\":0,\"original_main_size\":86212,\"class\":\"RIO_Attachment_Extra_Data\"}","created_at":1741782656}
12-03-2025 15:30:56 [dev.gi.by][info] Preparing to upload a file (D:/OSPanel-6.0.0/home/dev.gi.by/public/wp-content/uploads/2020/12/Simona_anfas-min.jpg) to a remote server (server_2).
12-03-2025 15:31:08 [dev.gi.by][debug] New queue created #951, attributes values: {"server_id":null,"object_id":"3468","object_name":"","item_type":"attachment","item_hash":null,"item_hash_alternative":null,"result_status":"success","processing_level":"normal","is_backed_up":true,"original_size":175982,"final_size":175982,"original_mime_type":"image\/jpeg","final_mime_type":"image\/jpeg","extra_data":"{\"thumbnails_count\":0,\"original_main_size\":175982,\"class\":\"RIO_Attachment_Extra_Data\"}","created_at":1741782668}
12-03-2025 15:31:08 [dev.gi.by][info] End cron job. Scope: media-library
-------------------------------
12-03-2025 15:37:01 [dev.gi.by][info] Start cron job. Scope: media-library
12-03-2025 15:37:01 [dev.gi.by][info] Preparing to upload a file (D:/OSPanel-6.0.0/home/dev.gi.by/public/wp-content/uploads/2020/12/Simona_anfas-min-1.jpg) to a remote server (server_2).
12-03-2025 15:37:16 [dev.gi.by][debug] New queue created #952, attributes values: {"server_id":null,"object_id":"3470","object_name":"","item_type":"attachment","item_hash":null,"item_hash_alternative":null,"result_status":"success","processing_level":"normal","is_backed_up":true,"original_size":93917,"final_size":93677,"original_mime_type":"image\/jpeg","final_mime_type":"image\/jpeg","extra_data":"{\"thumbnails_count\":0,\"original_main_size\":93917,\"class\":\"RIO_Attachment_Extra_Data\"}","created_at":1741783036}
12-03-2025 15:37:16 [dev.gi.by][info] Preparing to upload a file (D:/OSPanel-6.0.0/home/dev.gi.by/public/wp-content/uploads/2020/12/10.jpg) to a remote server (server_2).
12-03-2025 15:37:29 [dev.gi.by][debug] New queue created #953, attributes values: {"server_id":null,"object_id":"3472","object_name":"","item_type":"attachment","item_hash":null,"item_hash_alternative":null,"result_status":"success","processing_level":"normal","is_backed_up":true,"original_size":48969,"final_size":48969,"original_mime_type":"image\/jpeg","final_mime_type":"image\/jpeg","extra_data":"{\"thumbnails_count\":0,\"original_main_size\":48969,\"class\":\"RIO_Attachment_Extra_Data\"}","created_at":1741783049}
12-03-2025 15:37:29 [dev.gi.by][info] Preparing to upload a file (D:/OSPanel-6.0.0/home/dev.gi.by/public/wp-content/uploads/2020/12/Calypso_12.jpg) to a remote server (server_2).
12-03-2025 15:37:37 [dev.gi.by][debug] New queue created #954, attributes values: {"server_id":null,"object_id":"3474","object_name":"","item_type":"attachment","item_hash":null,"item_hash_alternative":null,"result_status":"success","processing_level":"normal","is_backed_up":true,"original_size":227111,"final_size":190249,"original_mime_type":"image\/jpeg","final_mime_type":"image\/jpeg","extra_data":"{\"thumbnails_count\":0,\"original_main_size\":227111,\"class\":\"RIO_Attachment_Extra_Data\"}","created_at":1741783057}
12-03-2025 15:37:37 [dev.gi.by][info] End cron job. Scope: media-library
-------------------------------
12-03-2025 15:49:25 [dev.gi.by][info] Start cron job. Scope: media-library
12-03-2025 15:49:25 [dev.gi.by][info] Preparing to upload a file (D:/OSPanel-6.0.0/home/dev.gi.by/public/wp-content/uploads/2020/12/Simona_32.jpg) to a remote server (server_2).
12-03-2025 15:49:32 [dev.gi.by][debug] New queue created #955, attributes values: {"server_id":null,"object_id":"3495","object_name":"","item_type":"attachment","item_hash":null,"item_hash_alternative":null,"result_status":"success","processing_level":"normal","is_backed_up":true,"original_size":314330,"final_size":284147,"original_mime_type":"image\/jpeg","final_mime_type":"image\/jpeg","extra_data":"{\"thumbnails_count\":0,\"original_main_size\":314330,\"class\":\"RIO_Attachment_Extra_Data\"}","created_at":1741783772}
12-03-2025 15:49:32 [dev.gi.by][info] Preparing to upload a file (D:/OSPanel-6.0.0/home/dev.gi.by/public/wp-content/uploads/2020/12/Петля-Clip-min.jpg) to a remote server (server_2).
12-03-2025 15:49:46 [dev.gi.by][debug] New queue created #956, attributes values: {"server_id":null,"object_id":"3509","object_name":"","item_type":"attachment","item_hash":null,"item_hash_alternative":null,"result_status":"success","processing_level":"normal","is_backed_up":true,"original_size":119581,"final_size":119581,"original_mime_type":"image\/jpeg","final_mime_type":"image\/jpeg","extra_data":"{\"thumbnails_count\":0,\"original_main_size\":119581,\"class\":\"RIO_Attachment_Extra_Data\"}","created_at":1741783786}
12-03-2025 15:49:46 [dev.gi.by][info] Try to create backup directory. Backup dir: (D:/OSPanel-6.0.0/home/dev.gi.by/public/wp-content/uploads/wio_backup/2021/01)
12-03-2025 15:49:46 [dev.gi.by][info] Preparing to upload a file (D:/OSPanel-6.0.0/home/dev.gi.by/public/wp-content/uploads/2021/01/banner-ng.jpg) to a remote server (server_2).
12-03-2025 15:49:47 [dev.gi.by][debug] New queue created #957, attributes values: {"server_id":null,"object_id":"3512","object_name":"","item_type":"attachment","item_hash":null,"item_hash_alternative":null,"result_status":"success","processing_level":"normal","is_backed_up":true,"original_size":188141,"final_size":188141,"original_mime_type":"image\/jpeg","final_mime_type":"image\/jpeg","extra_data":"{\"thumbnails_count\":0,\"original_main_size\":188141,\"class\":\"RIO_Attachment_Extra_Data\"}","created_at":1741783787}
12-03-2025 15:49:47 [dev.gi.by][info] End cron job. Scope: media-library
-------------------------------
12-03-2025 15:50:45 [dev.gi.by][info] Start cron job. Scope: media-library
12-03-2025 15:50:45 [dev.gi.by][info] Preparing to upload a file (D:/OSPanel-6.0.0/home/dev.gi.by/public/wp-content/uploads/2021/01/Banner_4_Jan.jpg) to a remote server (server_2).
12-03-2025 15:50:47 [dev.gi.by][debug] New queue created #958, attributes values: {"server_id":null,"object_id":"3513","object_name":"","item_type":"attachment","item_hash":null,"item_hash_alternative":null,"result_status":"success","processing_level":"normal","is_backed_up":true,"original_size":205496,"final_size":205496,"original_mime_type":"image\/jpeg","final_mime_type":"image\/jpeg","extra_data":"{\"thumbnails_count\":0,\"original_main_size\":205496,\"class\":\"RIO_Attachment_Extra_Data\"}","created_at":1741783847}
12-03-2025 15:50:47 [dev.gi.by][info] Preparing to upload a file (D:/OSPanel-6.0.0/home/dev.gi.by/public/wp-content/uploads/2021/01/blum.jpg) to a remote server (server_2).
12-03-2025 15:50:48 [dev.gi.by][debug] New queue created #959, attributes values: {"server_id":null,"object_id":"3515","object_name":"","item_type":"attachment","item_hash":null,"item_hash_alternative":null,"result_status":"success","processing_level":"normal","is_backed_up":true,"original_size":78122,"final_size":78122,"original_mime_type":"image\/jpeg","final_mime_type":"image\/jpeg","extra_data":"{\"thumbnails_count\":0,\"original_main_size\":78122,\"class\":\"RIO_Attachment_Extra_Data\"}","created_at":1741783848}
12-03-2025 15:50:48 [dev.gi.by][info] Preparing to upload a file (D:/OSPanel-6.0.0/home/dev.gi.by/public/wp-content/uploads/2021/01/craft.jpg) to a remote server (server_2).
12-03-2025 15:50:49 [dev.gi.by][debug] New queue created #960, attributes values: {"server_id":null,"object_id":"3516","object_name":"","item_type":"attachment","item_hash":null,"item_hash_alternative":null,"result_status":"success","processing_level":"normal","is_backed_up":true,"original_size":120178,"final_size":120178,"original_mime_type":"image\/jpeg","final_mime_type":"image\/jpeg","extra_data":"{\"thumbnails_count\":0,\"original_main_size\":120178,\"class\":\"RIO_Attachment_Extra_Data\"}","created_at":1741783849}
12-03-2025 15:50:49 [dev.gi.by][info] End cron job. Scope: media-library
-------------------------------
12-03-2025 15:55:48 [dev.gi.by][info] Start cron job. Scope: media-library
12-03-2025 15:55:48 [dev.gi.by][info] Preparing to upload a file (D:/OSPanel-6.0.0/home/dev.gi.by/public/wp-content/uploads/2021/01/1300х722-для-geosideal.by-min-1024x569.jpg) to a remote server (server_2).
12-03-2025 15:56:01 [dev.gi.by][debug] New queue created #961, attributes values: {"server_id":null,"object_id":"3518","object_name":"","item_type":"attachment","item_hash":null,"item_hash_alternative":null,"result_status":"success","processing_level":"normal","is_backed_up":true,"original_size":126633,"final_size":126633,"original_mime_type":"image\/jpeg","final_mime_type":"image\/jpeg","extra_data":"{\"thumbnails_count\":0,\"original_main_size\":126633,\"class\":\"RIO_Attachment_Extra_Data\"}","created_at":1741784161}
12-03-2025 15:56:03 [dev.gi.by][info] Preparing to upload a file (D:/OSPanel-6.0.0/home/dev.gi.by/public/wp-content/uploads/2021/01/Баннер-Хюгге.png) to a remote server (server_2).
12-03-2025 15:56:10 [dev.gi.by][debug] New queue created #962, attributes values: {"server_id":null,"object_id":"3521","object_name":"","item_type":"attachment","item_hash":null,"item_hash_alternative":null,"result_status":"success","processing_level":"normal","is_backed_up":true,"original_size":536023,"final_size":536023,"original_mime_type":"image\/png","final_mime_type":"image\/png","extra_data":"{\"thumbnails_count\":0,\"original_main_size\":536023,\"class\":\"RIO_Attachment_Extra_Data\"}","created_at":1741784170}
12-03-2025 15:56:10 [dev.gi.by][info] Preparing to upload a file (D:/OSPanel-6.0.0/home/dev.gi.by/public/wp-content/uploads/2021/01/Баннер-Хюгге.jpg) to a remote server (server_2).
12-03-2025 15:56:17 [dev.gi.by][debug] New queue created #963, attributes values: {"server_id":null,"object_id":"3522","object_name":"","item_type":"attachment","item_hash":null,"item_hash_alternative":null,"result_status":"success","processing_level":"normal","is_backed_up":true,"original_size":239666,"final_size":198286,"original_mime_type":"image\/jpeg","final_mime_type":"image\/jpeg","extra_data":"{\"thumbnails_count\":0,\"original_main_size\":239666,\"class\":\"RIO_Attachment_Extra_Data\"}","created_at":1741784177}
12-03-2025 15:56:17 [dev.gi.by][info] End cron job. Scope: media-library
-------------------------------
12-03-2025 16:03:59 [dev.gi.by][info] Start cron job. Scope: media-library
12-03-2025 16:03:59 [dev.gi.by][info] Preparing to upload a file (D:/OSPanel-6.0.0/home/dev.gi.by/public/wp-content/uploads/2021/01/блюм-январь-2021-2-min.jpg) to a remote server (server_2).
12-03-2025 16:04:00 [dev.gi.by][debug] New queue created #964, attributes values: {"server_id":null,"object_id":"3539","object_name":"","item_type":"attachment","item_hash":null,"item_hash_alternative":null,"result_status":"success","processing_level":"normal","is_backed_up":true,"original_size":83333,"final_size":83333,"original_mime_type":"image\/jpeg","final_mime_type":"image\/jpeg","extra_data":"{\"thumbnails_count\":0,\"original_main_size\":83333,\"class\":\"RIO_Attachment_Extra_Data\"}","created_at":1741784640}
12-03-2025 16:04:00 [dev.gi.by][info] Preparing to upload a file (D:/OSPanel-6.0.0/home/dev.gi.by/public/wp-content/uploads/2021/01/блюм-январь-2021-2.jpg) to a remote server (server_2).
12-03-2025 16:04:01 [dev.gi.by][debug] New queue created #965, attributes values: {"server_id":null,"object_id":"3559","object_name":"","item_type":"attachment","item_hash":null,"item_hash_alternative":null,"result_status":"success","processing_level":"normal","is_backed_up":true,"original_size":91796,"final_size":91796,"original_mime_type":"image\/jpeg","final_mime_type":"image\/jpeg","extra_data":"{\"thumbnails_count\":0,\"original_main_size\":91796,\"class\":\"RIO_Attachment_Extra_Data\"}","created_at":1741784641}
12-03-2025 16:04:01 [dev.gi.by][info] Try to create backup directory. Backup dir: (D:/OSPanel-6.0.0/home/dev.gi.by/public/wp-content/uploads/wio_backup/2021/02)
12-03-2025 16:04:01 [dev.gi.by][info] Preparing to upload a file (D:/OSPanel-6.0.0/home/dev.gi.by/public/wp-content/uploads/2021/02/gi-1920-x1080_by-min.jpg) to a remote server (server_2).
12-03-2025 16:04:02 [dev.gi.by][debug] New queue created #966, attributes values: {"server_id":null,"object_id":"3565","object_name":"","item_type":"attachment","item_hash":null,"item_hash_alternative":null,"result_status":"success","processing_level":"normal","is_backed_up":true,"original_size":212066,"final_size":208724,"original_mime_type":"image\/jpeg","final_mime_type":"image\/jpeg","extra_data":"{\"thumbnails_count\":0,\"original_main_size\":212066,\"class\":\"RIO_Attachment_Extra_Data\"}","created_at":1741784642}
12-03-2025 16:04:02 [dev.gi.by][info] End cron job. Scope: media-library
-------------------------------
12-03-2025 16:05:59 [dev.gi.by][info] Start cron job. Scope: media-library
12-03-2025 16:06:00 [dev.gi.by][info] Preparing to upload a file (D:/OSPanel-6.0.0/home/dev.gi.by/public/wp-content/uploads/2021/02/gi-1920-x1080_by-min-1.jpg) to a remote server (server_2).
12-03-2025 16:06:02 [dev.gi.by][debug] New queue created #967, attributes values: {"server_id":null,"object_id":"3566","object_name":"","item_type":"attachment","item_hash":null,"item_hash_alternative":null,"result_status":"success","processing_level":"normal","is_backed_up":true,"original_size":212066,"final_size":208724,"original_mime_type":"image\/jpeg","final_mime_type":"image\/jpeg","extra_data":"{\"thumbnails_count\":0,\"original_main_size\":212066,\"class\":\"RIO_Attachment_Extra_Data\"}","created_at":1741784762}
12-03-2025 16:06:02 [dev.gi.by][info] Preparing to upload a file (D:/OSPanel-6.0.0/home/dev.gi.by/public/wp-content/uploads/2021/02/Банер-Тандем-1920х1080-min.jpg) to a remote server (server_2).
12-03-2025 16:06:03 [dev.gi.by][debug] New queue created #968, attributes values: {"server_id":null,"object_id":"3571","object_name":"","item_type":"attachment","item_hash":null,"item_hash_alternative":null,"result_status":"success","processing_level":"normal","is_backed_up":true,"original_size":57035,"final_size":57035,"original_mime_type":"image\/jpeg","final_mime_type":"image\/jpeg","extra_data":"{\"thumbnails_count\":0,\"original_main_size\":57035,\"class\":\"RIO_Attachment_Extra_Data\"}","created_at":1741784763}
12-03-2025 16:06:03 [dev.gi.by][info] Preparing to upload a file (D:/OSPanel-6.0.0/home/dev.gi.by/public/wp-content/uploads/2021/02/блюм-2021-min.jpg) to a remote server (server_2).
12-03-2025 16:06:04 [dev.gi.by][debug] New queue created #969, attributes values: {"server_id":null,"object_id":"3572","object_name":"","item_type":"attachment","item_hash":null,"item_hash_alternative":null,"result_status":"success","processing_level":"normal","is_backed_up":true,"original_size":108383,"final_size":108383,"original_mime_type":"image\/jpeg","final_mime_type":"image\/jpeg","extra_data":"{\"thumbnails_count\":0,\"original_main_size\":108383,\"class\":\"RIO_Attachment_Extra_Data\"}","created_at":1741784764}
12-03-2025 16:06:04 [dev.gi.by][info] End cron job. Scope: media-library
-------------------------------
12-03-2025 16:10:58 [dev.gi.by][info] Start cron job. Scope: media-library
12-03-2025 16:10:59 [dev.gi.by][info] Preparing to upload a file (D:/OSPanel-6.0.0/home/dev.gi.by/public/wp-content/uploads/2021/02/крафт-min.jpg) to a remote server (server_2).
12-03-2025 16:11:10 [dev.gi.by][debug] New queue created #970, attributes values: {"server_id":null,"object_id":"3573","object_name":"","item_type":"attachment","item_hash":null,"item_hash_alternative":null,"result_status":"success","processing_level":"normal","is_backed_up":true,"original_size":150766,"final_size":145857,"original_mime_type":"image\/jpeg","final_mime_type":"image\/jpeg","extra_data":"{\"thumbnails_count\":0,\"original_main_size\":150766,\"class\":\"RIO_Attachment_Extra_Data\"}","created_at":1741785070}
12-03-2025 16:11:10 [dev.gi.by][info] Preparing to upload a file (D:/OSPanel-6.0.0/home/dev.gi.by/public/wp-content/uploads/2021/02/Freda-Baltia-min.jpg) to a remote server (server_2).
12-03-2025 16:11:20 [dev.gi.by][debug] New queue created #971, attributes values: {"server_id":null,"object_id":"3582","object_name":"","item_type":"attachment","item_hash":null,"item_hash_alternative":null,"result_status":"success","processing_level":"normal","is_backed_up":true,"original_size":102574,"final_size":102574,"original_mime_type":"image\/jpeg","final_mime_type":"image\/jpeg","extra_data":"{\"thumbnails_count\":0,\"original_main_size\":102574,\"class\":\"RIO_Attachment_Extra_Data\"}","created_at":1741785080}
12-03-2025 16:11:20 [dev.gi.by][info] Preparing to upload a file (D:/OSPanel-6.0.0/home/dev.gi.by/public/wp-content/uploads/2021/02/Протокол-испытаний-Добавки-ионов-серебра-стр.-1.jpg) to a remote server (server_2).
12-03-2025 16:11:33 [dev.gi.by][debug] New queue created #972, attributes values: {"server_id":null,"object_id":"3583","object_name":"","item_type":"attachment","item_hash":null,"item_hash_alternative":null,"result_status":"success","processing_level":"normal","is_backed_up":true,"original_size":594996,"final_size":248147,"original_mime_type":"image\/jpeg","final_mime_type":"image\/jpeg","extra_data":"{\"thumbnails_count\":0,\"original_main_size\":594996,\"class\":\"RIO_Attachment_Extra_Data\"}","created_at":1741785093}
12-03-2025 16:11:33 [dev.gi.by][info] End cron job. Scope: media-library
-------------------------------
12-03-2025 16:15:59 [dev.gi.by][info] Start cron job. Scope: media-library
12-03-2025 16:15:59 [dev.gi.by][info] Preparing to upload a file (D:/OSPanel-6.0.0/home/dev.gi.by/public/wp-content/uploads/2021/02/Протокол-испытания-добавки-ионов-серебра-стр.-2.jpg) to a remote server (server_2).
12-03-2025 16:16:27 [dev.gi.by][debug] New queue created #973, attributes values: {"server_id":null,"object_id":"3584","object_name":"","item_type":"attachment","item_hash":null,"item_hash_alternative":null,"result_status":"success","processing_level":"normal","is_backed_up":true,"original_size":456368,"final_size":189657,"original_mime_type":"image\/jpeg","final_mime_type":"image\/jpeg","extra_data":"{\"thumbnails_count\":0,\"original_main_size\":456368,\"class\":\"RIO_Attachment_Extra_Data\"}","created_at":1741785387}
12-03-2025 16:16:27 [dev.gi.by][info] Preparing to upload a file (D:/OSPanel-6.0.0/home/dev.gi.by/public/wp-content/uploads/2021/02/Протокол-испытания-добавки-ионов-серебра-стр.-2-1.jpg) to a remote server (server_2).
12-03-2025 16:17:03 [dev.gi.by][debug] New queue created #974, attributes values: {"server_id":null,"object_id":"3586","object_name":"","item_type":"attachment","item_hash":null,"item_hash_alternative":null,"result_status":"success","processing_level":"normal","is_backed_up":true,"original_size":456368,"final_size":189657,"original_mime_type":"image\/jpeg","final_mime_type":"image\/jpeg","extra_data":"{\"thumbnails_count\":0,\"original_main_size\":456368,\"class\":\"RIO_Attachment_Extra_Data\"}","created_at":1741785423}
12-03-2025 16:17:04 [dev.gi.by][info] Preparing to upload a file (D:/OSPanel-6.0.0/home/dev.gi.by/public/wp-content/uploads/2021/02/Протокол-испытаний-Добавки-ионов-серебра-стр.-1-1.jpg) to a remote server (server_2).
12-03-2025 16:17:33 [dev.gi.by][debug] New queue created #975, attributes values: {"server_id":null,"object_id":"3587","object_name":"","item_type":"attachment","item_hash":null,"item_hash_alternative":null,"result_status":"success","processing_level":"normal","is_backed_up":true,"original_size":594996,"final_size":248147,"original_mime_type":"image\/jpeg","final_mime_type":"image\/jpeg","extra_data":"{\"thumbnails_count\":0,\"original_main_size\":594996,\"class\":\"RIO_Attachment_Extra_Data\"}","created_at":1741785453}
12-03-2025 16:17:33 [dev.gi.by][info] End cron job. Scope: media-library
-------------------------------
13-03-2025 08:39:59 [dev.gi.by][info] Start cron job. Scope: media-library
13-03-2025 08:40:05 [dev.gi.by][info] Preparing to upload a file (D:/OSPanel-6.0.0/home/dev.gi.by/public/wp-content/uploads/2021/02/Протокол-испытания-добавки-ионов-серебра-стр.-2-2.jpg) to a remote server (server_2).
13-03-2025 08:40:07 [dev.gi.by][debug] New queue created #976, attributes values: {"server_id":null,"object_id":"3588","object_name":"","item_type":"attachment","item_hash":null,"item_hash_alternative":null,"result_status":"success","processing_level":"normal","is_backed_up":true,"original_size":456368,"final_size":189657,"original_mime_type":"image\/jpeg","final_mime_type":"image\/jpeg","extra_data":"{\"thumbnails_count\":0,\"original_main_size\":456368,\"class\":\"RIO_Attachment_Extra_Data\"}","created_at":1741844407}
13-03-2025 08:40:07 [dev.gi.by][info] Preparing to upload a file (D:/OSPanel-6.0.0/home/dev.gi.by/public/wp-content/uploads/2021/02/Протокол-испытаний-Добавки-ионов-серебра-стр.-1-2.jpg) to a remote server (server_2).
13-03-2025 08:40:08 [dev.gi.by][debug] New queue created #977, attributes values: {"server_id":null,"object_id":"3590","object_name":"","item_type":"attachment","item_hash":null,"item_hash_alternative":null,"result_status":"success","processing_level":"normal","is_backed_up":true,"original_size":594996,"final_size":248147,"original_mime_type":"image\/jpeg","final_mime_type":"image\/jpeg","extra_data":"{\"thumbnails_count\":0,\"original_main_size\":594996,\"class\":\"RIO_Attachment_Extra_Data\"}","created_at":1741844408}
13-03-2025 08:40:08 [dev.gi.by][info] Preparing to upload a file (D:/OSPanel-6.0.0/home/dev.gi.by/public/wp-content/uploads/2021/02/Протокол-испытания-добавки-ионов-серебра-стр.-2-3.jpg) to a remote server (server_2).
13-03-2025 08:40:09 [dev.gi.by][debug] New queue created #978, attributes values: {"server_id":null,"object_id":"3591","object_name":"","item_type":"attachment","item_hash":null,"item_hash_alternative":null,"result_status":"success","processing_level":"normal","is_backed_up":true,"original_size":456368,"final_size":189657,"original_mime_type":"image\/jpeg","final_mime_type":"image\/jpeg","extra_data":"{\"thumbnails_count\":0,\"original_main_size\":456368,\"class\":\"RIO_Attachment_Extra_Data\"}","created_at":1741844409}
13-03-2025 08:40:10 [dev.gi.by][info] End cron job. Scope: media-library
-------------------------------
13-03-2025 08:40:18 [dev.gi.by][info] Start cron job. Scope: media-library
13-03-2025 08:40:18 [dev.gi.by][info] Preparing to upload a file (D:/OSPanel-6.0.0/home/dev.gi.by/public/wp-content/uploads/2021/02/Протокол-испытаний-Добавки-ионов-серебра-стр.-1-3.jpg) to a remote server (server_2).
13-03-2025 08:40:19 [dev.gi.by][debug] New queue created #979, attributes values: {"server_id":null,"object_id":"3594","object_name":"","item_type":"attachment","item_hash":null,"item_hash_alternative":null,"result_status":"success","processing_level":"normal","is_backed_up":true,"original_size":594996,"final_size":248147,"original_mime_type":"image\/jpeg","final_mime_type":"image\/jpeg","extra_data":"{\"thumbnails_count\":0,\"original_main_size\":594996,\"class\":\"RIO_Attachment_Extra_Data\"}","created_at":1741844419}
13-03-2025 08:40:20 [dev.gi.by][info] Preparing to upload a file (D:/OSPanel-6.0.0/home/dev.gi.by/public/wp-content/uploads/2021/02/Протокол-испытания-добавки-ионов-серебра-стр.-2-4.jpg) to a remote server (server_2).
13-03-2025 08:40:21 [dev.gi.by][debug] New queue created #980, attributes values: {"server_id":null,"object_id":"3595","object_name":"","item_type":"attachment","item_hash":null,"item_hash_alternative":null,"result_status":"success","processing_level":"normal","is_backed_up":true,"original_size":456368,"final_size":189657,"original_mime_type":"image\/jpeg","final_mime_type":"image\/jpeg","extra_data":"{\"thumbnails_count\":0,\"original_main_size\":456368,\"class\":\"RIO_Attachment_Extra_Data\"}","created_at":1741844421}
13-03-2025 08:40:21 [dev.gi.by][info] Try to create backup directory. Backup dir: (D:/OSPanel-6.0.0/home/dev.gi.by/public/wp-content/uploads/wio_backup/2021/03)
13-03-2025 08:40:24 [dev.gi.by][info] Preparing to upload a file (D:/OSPanel-6.0.0/home/dev.gi.by/public/wp-content/uploads/2021/03/1920х1080-март-дуб.png) to a remote server (server_2).
13-03-2025 08:40:27 [dev.gi.by][debug] New queue created #981, attributes values: {"server_id":null,"object_id":"3632","object_name":"","item_type":"attachment","item_hash":null,"item_hash_alternative":null,"result_status":"success","processing_level":"normal","is_backed_up":true,"original_size":523126,"final_size":523126,"original_mime_type":"image\/png","final_mime_type":"image\/png","extra_data":"{\"thumbnails_count\":0,\"original_main_size\":523126,\"class\":\"RIO_Attachment_Extra_Data\"}","created_at":1741844427}
13-03-2025 08:40:27 [dev.gi.by][info] End cron job. Scope: media-library
-------------------------------
13-03-2025 08:49:17 [dev.gi.by][info] Start cron job. Scope: media-library
13-03-2025 08:49:17 [dev.gi.by][info] Preparing to upload a file (D:/OSPanel-6.0.0/home/dev.gi.by/public/wp-content/uploads/2021/03/1920х1080-март-дуб.jpg) to a remote server (server_2).
13-03-2025 08:49:18 [dev.gi.by][debug] New queue created #982, attributes values: {"server_id":null,"object_id":"3633","object_name":"","item_type":"attachment","item_hash":null,"item_hash_alternative":null,"result_status":"success","processing_level":"normal","is_backed_up":true,"original_size":125010,"final_size":125010,"original_mime_type":"image\/jpeg","final_mime_type":"image\/jpeg","extra_data":"{\"thumbnails_count\":0,\"original_main_size\":125010,\"class\":\"RIO_Attachment_Extra_Data\"}","created_at":1741844958}
13-03-2025 08:49:19 [dev.gi.by][info] Preparing to upload a file (D:/OSPanel-6.0.0/home/dev.gi.by/public/wp-content/uploads/2021/03/1920х1080-блюм-март-подарки.jpg) to a remote server (server_2).
13-03-2025 08:49:19 [dev.gi.by][debug] New queue created #983, attributes values: {"server_id":null,"object_id":"3634","object_name":"","item_type":"attachment","item_hash":null,"item_hash_alternative":null,"result_status":"success","processing_level":"normal","is_backed_up":true,"original_size":93125,"final_size":93125,"original_mime_type":"image\/jpeg","final_mime_type":"image\/jpeg","extra_data":"{\"thumbnails_count\":0,\"original_main_size\":93125,\"class\":\"RIO_Attachment_Extra_Data\"}","created_at":1741844959}
13-03-2025 08:49:20 [dev.gi.by][info] Preparing to upload a file (D:/OSPanel-6.0.0/home/dev.gi.by/public/wp-content/uploads/2021/03/1920x1080-blum-grafit.jpg) to a remote server (server_2).
13-03-2025 08:49:20 [dev.gi.by][debug] New queue created #984, attributes values: {"server_id":null,"object_id":"3635","object_name":"","item_type":"attachment","item_hash":null,"item_hash_alternative":null,"result_status":"success","processing_level":"normal","is_backed_up":true,"original_size":59590,"final_size":59590,"original_mime_type":"image\/jpeg","final_mime_type":"image\/jpeg","extra_data":"{\"thumbnails_count\":0,\"original_main_size\":59590,\"class\":\"RIO_Attachment_Extra_Data\"}","created_at":1741844960}
13-03-2025 08:49:21 [dev.gi.by][info] End cron job. Scope: media-library
-------------------------------
13-03-2025 08:52:39 [dev.gi.by][info] Start cron job. Scope: media-library
13-03-2025 08:52:39 [dev.gi.by][info] Preparing to upload a file (D:/OSPanel-6.0.0/home/dev.gi.by/public/wp-content/uploads/2021/03/craft.jpg) to a remote server (server_2).
13-03-2025 08:52:40 [dev.gi.by][debug] New queue created #985, attributes values: {"server_id":null,"object_id":"3636","object_name":"","item_type":"attachment","item_hash":null,"item_hash_alternative":null,"result_status":"success","processing_level":"normal","is_backed_up":true,"original_size":124811,"final_size":121742,"original_mime_type":"image\/jpeg","final_mime_type":"image\/jpeg","extra_data":"{\"thumbnails_count\":0,\"original_main_size\":124811,\"class\":\"RIO_Attachment_Extra_Data\"}","created_at":1741845160}
13-03-2025 08:52:41 [dev.gi.by][info] Preparing to upload a file (D:/OSPanel-6.0.0/home/dev.gi.by/public/wp-content/uploads/2021/03/craft-1.jpg) to a remote server (server_2).
13-03-2025 08:52:41 [dev.gi.by][debug] New queue created #986, attributes values: {"server_id":null,"object_id":"3637","object_name":"","item_type":"attachment","item_hash":null,"item_hash_alternative":null,"result_status":"success","processing_level":"normal","is_backed_up":true,"original_size":124811,"final_size":121742,"original_mime_type":"image\/jpeg","final_mime_type":"image\/jpeg","extra_data":"{\"thumbnails_count\":0,\"original_main_size\":124811,\"class\":\"RIO_Attachment_Extra_Data\"}","created_at":1741845161}
13-03-2025 08:52:42 [dev.gi.by][info] Preparing to upload a file (D:/OSPanel-6.0.0/home/dev.gi.by/public/wp-content/uploads/2021/03/1920х1080-март-дуб-1.jpg) to a remote server (server_2).
13-03-2025 08:52:43 [dev.gi.by][debug] New queue created #987, attributes values: {"server_id":null,"object_id":"3638","object_name":"","item_type":"attachment","item_hash":null,"item_hash_alternative":null,"result_status":"success","processing_level":"normal","is_backed_up":true,"original_size":125010,"final_size":125010,"original_mime_type":"image\/jpeg","final_mime_type":"image\/jpeg","extra_data":"{\"thumbnails_count\":0,\"original_main_size\":125010,\"class\":\"RIO_Attachment_Extra_Data\"}","created_at":1741845163}
13-03-2025 08:52:43 [dev.gi.by][info] End cron job. Scope: media-library
-------------------------------
13-03-2025 09:00:04 [dev.gi.by][info] Start cron job. Scope: media-library
13-03-2025 09:00:05 [dev.gi.by][info] Preparing to upload a file (D:/OSPanel-6.0.0/home/dev.gi.by/public/wp-content/uploads/2021/03/1920х1080-блюм-март-подарки-1.jpg) to a remote server (server_2).
13-03-2025 09:00:05 [dev.gi.by][debug] New queue created #988, attributes values: {"server_id":null,"object_id":"3640","object_name":"","item_type":"attachment","item_hash":null,"item_hash_alternative":null,"result_status":"success","processing_level":"normal","is_backed_up":true,"original_size":93125,"final_size":93125,"original_mime_type":"image\/jpeg","final_mime_type":"image\/jpeg","extra_data":"{\"thumbnails_count\":0,\"original_main_size\":93125,\"class\":\"RIO_Attachment_Extra_Data\"}","created_at":1741845605}
13-03-2025 09:00:06 [dev.gi.by][info] Preparing to upload a file (D:/OSPanel-6.0.0/home/dev.gi.by/public/wp-content/uploads/2021/03/craft-2.jpg) to a remote server (server_2).
13-03-2025 09:00:06 [dev.gi.by][debug] New queue created #989, attributes values: {"server_id":null,"object_id":"3641","object_name":"","item_type":"attachment","item_hash":null,"item_hash_alternative":null,"result_status":"success","processing_level":"normal","is_backed_up":true,"original_size":124811,"final_size":121742,"original_mime_type":"image\/jpeg","final_mime_type":"image\/jpeg","extra_data":"{\"thumbnails_count\":0,\"original_main_size\":124811,\"class\":\"RIO_Attachment_Extra_Data\"}","created_at":1741845606}
13-03-2025 09:00:08 [dev.gi.by][info] Preparing to upload a file (D:/OSPanel-6.0.0/home/dev.gi.by/public/wp-content/uploads/2021/03/1920x1080-blum-grafit.png) to a remote server (server_2).
13-03-2025 09:00:10 [dev.gi.by][debug] New queue created #990, attributes values: {"server_id":null,"object_id":"3814","object_name":"","item_type":"attachment","item_hash":null,"item_hash_alternative":null,"result_status":"success","processing_level":"normal","is_backed_up":true,"original_size":334085,"final_size":334085,"original_mime_type":"image\/png","final_mime_type":"image\/png","extra_data":"{\"thumbnails_count\":0,\"original_main_size\":334085,\"class\":\"RIO_Attachment_Extra_Data\"}","created_at":1741845610}
13-03-2025 09:00:10 [dev.gi.by][info] End cron job. Scope: media-library
-------------------------------
13-03-2025 09:00:15 [dev.gi.by][info] Start cron job. Scope: media-library
13-03-2025 09:00:17 [dev.gi.by][info] Preparing to upload a file (D:/OSPanel-6.0.0/home/dev.gi.by/public/wp-content/uploads/2021/03/1920x1080-blum-grafit-1.png) to a remote server (server_2).
13-03-2025 09:00:31 [dev.gi.by][debug] New queue created #991, attributes values: {"server_id":null,"object_id":"3815","object_name":"","item_type":"attachment","item_hash":null,"item_hash_alternative":null,"result_status":"success","processing_level":"normal","is_backed_up":true,"original_size":334085,"final_size":334085,"original_mime_type":"image\/png","final_mime_type":"image\/png","extra_data":"{\"thumbnails_count\":0,\"original_main_size\":334085,\"class\":\"RIO_Attachment_Extra_Data\"}","created_at":1741845631}
13-03-2025 09:00:33 [dev.gi.by][info] Preparing to upload a file (D:/OSPanel-6.0.0/home/dev.gi.by/public/wp-content/uploads/2021/03/1920x1080-blum-grafit-2.png) to a remote server (server_2).
13-03-2025 09:00:46 [dev.gi.by][debug] New queue created #992, attributes values: {"server_id":null,"object_id":"3819","object_name":"","item_type":"attachment","item_hash":null,"item_hash_alternative":null,"result_status":"success","processing_level":"normal","is_backed_up":true,"original_size":334085,"final_size":334085,"original_mime_type":"image\/png","final_mime_type":"image\/png","extra_data":"{\"thumbnails_count\":0,\"original_main_size\":334085,\"class\":\"RIO_Attachment_Extra_Data\"}","created_at":1741845646}
13-03-2025 09:00:47 [dev.gi.by][info] Preparing to upload a file (D:/OSPanel-6.0.0/home/dev.gi.by/public/wp-content/uploads/2021/03/1920х1080-блюм-март-подарки-2.jpg) to a remote server (server_2).
13-03-2025 09:00:47 [dev.gi.by][debug] New queue created #993, attributes values: {"server_id":null,"object_id":"3820","object_name":"","item_type":"attachment","item_hash":null,"item_hash_alternative":null,"result_status":"success","processing_level":"normal","is_backed_up":true,"original_size":93125,"final_size":93125,"original_mime_type":"image\/jpeg","final_mime_type":"image\/jpeg","extra_data":"{\"thumbnails_count\":0,\"original_main_size\":93125,\"class\":\"RIO_Attachment_Extra_Data\"}","created_at":1741845647}
13-03-2025 09:00:47 [dev.gi.by][info] End cron job. Scope: media-library
-------------------------------
13-03-2025 09:06:25 [dev.gi.by][info] Start cron job. Scope: media-library
13-03-2025 09:06:25 [dev.gi.by][info] Preparing to upload a file (D:/OSPanel-6.0.0/home/dev.gi.by/public/wp-content/uploads/2021/03/крафт-min-1024x575.jpg) to a remote server (server_2).
13-03-2025 09:06:25 [dev.gi.by][debug] New queue created #994, attributes values: {"server_id":null,"object_id":"3821","object_name":"","item_type":"attachment","item_hash":null,"item_hash_alternative":null,"result_status":"success","processing_level":"normal","is_backed_up":true,"original_size":47026,"final_size":46786,"original_mime_type":"image\/jpeg","final_mime_type":"image\/jpeg","extra_data":"{\"thumbnails_count\":0,\"original_main_size\":47026,\"class\":\"RIO_Attachment_Extra_Data\"}","created_at":1741845985}
13-03-2025 09:06:26 [dev.gi.by][info] Preparing to upload a file (D:/OSPanel-6.0.0/home/dev.gi.by/public/wp-content/uploads/2021/03/крафт-min-1024x575-1.jpg) to a remote server (server_2).
13-03-2025 09:06:26 [dev.gi.by][debug] New queue created #995, attributes values: {"server_id":null,"object_id":"3822","object_name":"","item_type":"attachment","item_hash":null,"item_hash_alternative":null,"result_status":"success","processing_level":"normal","is_backed_up":true,"original_size":47026,"final_size":46786,"original_mime_type":"image\/jpeg","final_mime_type":"image\/jpeg","extra_data":"{\"thumbnails_count\":0,\"original_main_size\":47026,\"class\":\"RIO_Attachment_Extra_Data\"}","created_at":1741845986}
13-03-2025 09:06:32 [dev.gi.by][info] Preparing to upload a file (D:/OSPanel-6.0.0/home/dev.gi.by/public/wp-content/uploads/2021/03/8-марта_by.png) to a remote server (server_2).
13-03-2025 09:06:34 [dev.gi.by][debug] New queue created #996, attributes values: {"server_id":null,"object_id":"3830","object_name":"","item_type":"attachment","item_hash":null,"item_hash_alternative":null,"result_status":"success","processing_level":"normal","is_backed_up":true,"original_size":379974,"final_size":379974,"original_mime_type":"image\/png","final_mime_type":"image\/png","extra_data":"{\"thumbnails_count\":0,\"original_main_size\":379974,\"class\":\"RIO_Attachment_Extra_Data\"}","created_at":1741845994}
13-03-2025 09:06:34 [dev.gi.by][info] End cron job. Scope: media-library
-------------------------------
13-03-2025 09:10:25 [dev.gi.by][info] Start cron job. Scope: media-library
13-03-2025 09:10:26 [dev.gi.by][info] Preparing to upload a file (D:/OSPanel-6.0.0/home/dev.gi.by/public/wp-content/uploads/2021/03/012.jpg) to a remote server (server_2).
13-03-2025 09:10:27 [dev.gi.by][debug] New queue created #997, attributes values: {"server_id":null,"object_id":"3841","object_name":"","item_type":"attachment","item_hash":null,"item_hash_alternative":null,"result_status":"success","processing_level":"normal","is_backed_up":true,"original_size":209597,"final_size":201966,"original_mime_type":"image\/jpeg","final_mime_type":"image\/jpeg","extra_data":"{\"thumbnails_count\":0,\"original_main_size\":209597,\"class\":\"RIO_Attachment_Extra_Data\"}","created_at":1741846227}
13-03-2025 09:10:27 [dev.gi.by][info] Preparing to upload a file (D:/OSPanel-6.0.0/home/dev.gi.by/public/wp-content/uploads/2021/03/Jasper_avatar-1.jpg) to a remote server (server_2).
13-03-2025 09:10:28 [dev.gi.by][debug] New queue created #998, attributes values: {"server_id":null,"object_id":"3842","object_name":"","item_type":"attachment","item_hash":null,"item_hash_alternative":null,"result_status":"success","processing_level":"normal","is_backed_up":true,"original_size":66620,"final_size":66620,"original_mime_type":"image\/jpeg","final_mime_type":"image\/jpeg","extra_data":"{\"thumbnails_count\":0,\"original_main_size\":66620,\"class\":\"RIO_Attachment_Extra_Data\"}","created_at":1741846228}
13-03-2025 09:10:28 [dev.gi.by][info] Preparing to upload a file (D:/OSPanel-6.0.0/home/dev.gi.by/public/wp-content/uploads/2021/03/015.jpg) to a remote server (server_2).
13-03-2025 09:10:29 [dev.gi.by][debug] New queue created #999, attributes values: {"server_id":null,"object_id":"3843","object_name":"","item_type":"attachment","item_hash":null,"item_hash_alternative":null,"result_status":"success","processing_level":"normal","is_backed_up":true,"original_size":143521,"final_size":143521,"original_mime_type":"image\/jpeg","final_mime_type":"image\/jpeg","extra_data":"{\"thumbnails_count\":0,\"original_main_size\":143521,\"class\":\"RIO_Attachment_Extra_Data\"}","created_at":1741846229}
13-03-2025 09:10:29 [dev.gi.by][info] End cron job. Scope: media-library
-------------------------------
13-03-2025 09:16:28 [dev.gi.by][info] Start cron job. Scope: media-library
13-03-2025 09:16:28 [dev.gi.by][info] Preparing to upload a file (D:/OSPanel-6.0.0/home/dev.gi.by/public/wp-content/uploads/2021/03/014.jpg) to a remote server (server_2).
13-03-2025 09:16:29 [dev.gi.by][debug] New queue created #1000, attributes values: {"server_id":null,"object_id":"3844","object_name":"","item_type":"attachment","item_hash":null,"item_hash_alternative":null,"result_status":"success","processing_level":"normal","is_backed_up":true,"original_size":170693,"final_size":170693,"original_mime_type":"image\/jpeg","final_mime_type":"image\/jpeg","extra_data":"{\"thumbnails_count\":0,\"original_main_size\":170693,\"class\":\"RIO_Attachment_Extra_Data\"}","created_at":1741846589}
13-03-2025 09:16:29 [dev.gi.by][info] Preparing to upload a file (D:/OSPanel-6.0.0/home/dev.gi.by/public/wp-content/uploads/2021/03/016.jpg) to a remote server (server_2).
13-03-2025 09:16:30 [dev.gi.by][debug] New queue created #1001, attributes values: {"server_id":null,"object_id":"3845","object_name":"","item_type":"attachment","item_hash":null,"item_hash_alternative":null,"result_status":"success","processing_level":"normal","is_backed_up":true,"original_size":260568,"final_size":240059,"original_mime_type":"image\/jpeg","final_mime_type":"image\/jpeg","extra_data":"{\"thumbnails_count\":0,\"original_main_size\":260568,\"class\":\"RIO_Attachment_Extra_Data\"}","created_at":1741846590}
13-03-2025 09:16:31 [dev.gi.by][info] Preparing to upload a file (D:/OSPanel-6.0.0/home/dev.gi.by/public/wp-content/uploads/2021/03/007-B.jpg) to a remote server (server_2).
13-03-2025 09:16:32 [dev.gi.by][debug] New queue created #1002, attributes values: {"server_id":null,"object_id":"3846","object_name":"","item_type":"attachment","item_hash":null,"item_hash_alternative":null,"result_status":"success","processing_level":"normal","is_backed_up":true,"original_size":792832,"final_size":236000,"original_mime_type":"image\/jpeg","final_mime_type":"image\/jpeg","extra_data":"{\"thumbnails_count\":0,\"original_main_size\":792832,\"class\":\"RIO_Attachment_Extra_Data\"}","created_at":1741846592}
13-03-2025 09:16:32 [dev.gi.by][info] End cron job. Scope: media-library
-------------------------------
13-03-2025 09:20:30 [dev.gi.by][info] Start cron job. Scope: media-library
13-03-2025 09:20:30 [dev.gi.by][info] Preparing to upload a file (D:/OSPanel-6.0.0/home/dev.gi.by/public/wp-content/uploads/2021/03/G02-B.jpg) to a remote server (server_2).
13-03-2025 09:20:31 [dev.gi.by][debug] New queue created #1003, attributes values: {"server_id":null,"object_id":"3847","object_name":"","item_type":"attachment","item_hash":null,"item_hash_alternative":null,"result_status":"success","processing_level":"normal","is_backed_up":true,"original_size":248518,"final_size":164282,"original_mime_type":"image\/jpeg","final_mime_type":"image\/jpeg","extra_data":"{\"thumbnails_count\":0,\"original_main_size\":248518,\"class\":\"RIO_Attachment_Extra_Data\"}","created_at":1741846831}
13-03-2025 09:20:31 [dev.gi.by][info] Preparing to upload a file (D:/OSPanel-6.0.0/home/dev.gi.by/public/wp-content/uploads/2021/03/002-B.jpg) to a remote server (server_2).
13-03-2025 09:20:32 [dev.gi.by][debug] New queue created #1004, attributes values: {"server_id":null,"object_id":"3848","object_name":"","item_type":"attachment","item_hash":null,"item_hash_alternative":null,"result_status":"success","processing_level":"normal","is_backed_up":true,"original_size":164959,"final_size":164959,"original_mime_type":"image\/jpeg","final_mime_type":"image\/jpeg","extra_data":"{\"thumbnails_count\":0,\"original_main_size\":164959,\"class\":\"RIO_Attachment_Extra_Data\"}","created_at":1741846832}
13-03-2025 09:20:33 [dev.gi.by][info] Preparing to upload a file (D:/OSPanel-6.0.0/home/dev.gi.by/public/wp-content/uploads/2021/03/G08-B.jpg) to a remote server (server_2).
13-03-2025 09:20:34 [dev.gi.by][debug] New queue created #1005, attributes values: {"server_id":null,"object_id":"3849","object_name":"","item_type":"attachment","item_hash":null,"item_hash_alternative":null,"result_status":"success","processing_level":"normal","is_backed_up":true,"original_size":294409,"final_size":180460,"original_mime_type":"image\/jpeg","final_mime_type":"image\/jpeg","extra_data":"{\"thumbnails_count\":0,\"original_main_size\":294409,\"class\":\"RIO_Attachment_Extra_Data\"}","created_at":1741846834}
13-03-2025 09:20:34 [dev.gi.by][info] End cron job. Scope: media-library
-------------------------------
13-03-2025 09:26:33 [dev.gi.by][info] Start cron job. Scope: media-library
13-03-2025 09:26:35 [dev.gi.by][info] Preparing to upload a file (D:/OSPanel-6.0.0/home/dev.gi.by/public/wp-content/uploads/2021/03/Group-13.png) to a remote server (server_2).
13-03-2025 09:26:37 [dev.gi.by][debug] New queue created #1006, attributes values: {"server_id":null,"object_id":"3854","object_name":"","item_type":"attachment","item_hash":null,"item_hash_alternative":null,"result_status":"success","processing_level":"normal","is_backed_up":true,"original_size":528290,"final_size":528290,"original_mime_type":"image\/png","final_mime_type":"image\/png","extra_data":"{\"thumbnails_count\":0,\"original_main_size\":528290,\"class\":\"RIO_Attachment_Extra_Data\"}","created_at":1741847197}
13-03-2025 09:26:39 [dev.gi.by][info] Preparing to upload a file (D:/OSPanel-6.0.0/home/dev.gi.by/public/wp-content/uploads/2021/03/Group-13-1.png) to a remote server (server_2).
13-03-2025 09:26:43 [dev.gi.by][debug] New queue created #1007, attributes values: {"server_id":null,"object_id":"3856","object_name":"","item_type":"attachment","item_hash":null,"item_hash_alternative":null,"result_status":"success","processing_level":"normal","is_backed_up":true,"original_size":494990,"final_size":494990,"original_mime_type":"image\/png","final_mime_type":"image\/png","extra_data":"{\"thumbnails_count\":0,\"original_main_size\":494990,\"class\":\"RIO_Attachment_Extra_Data\"}","created_at":1741847203}
13-03-2025 09:26:43 [dev.gi.by][info] Preparing to upload a file (D:/OSPanel-6.0.0/home/dev.gi.by/public/wp-content/uploads/2021/03/032-001-min.jpg) to a remote server (server_2).
13-03-2025 09:26:44 [dev.gi.by][debug] New queue created #1008, attributes values: {"server_id":null,"object_id":"3865","object_name":"","item_type":"attachment","item_hash":null,"item_hash_alternative":null,"result_status":"success","processing_level":"normal","is_backed_up":true,"original_size":113522,"final_size":113522,"original_mime_type":"image\/jpeg","final_mime_type":"image\/jpeg","extra_data":"{\"thumbnails_count\":0,\"original_main_size\":113522,\"class\":\"RIO_Attachment_Extra_Data\"}","created_at":1741847204}
13-03-2025 09:26:44 [dev.gi.by][info] End cron job. Scope: media-library
-------------------------------
13-03-2025 09:30:35 [dev.gi.by][info] Start cron job. Scope: media-library
13-03-2025 09:30:35 [dev.gi.by][info] Preparing to upload a file (D:/OSPanel-6.0.0/home/dev.gi.by/public/wp-content/uploads/2021/03/80000025-min.jpg) to a remote server (server_2).
13-03-2025 09:30:35 [dev.gi.by][debug] New queue created #1009, attributes values: {"server_id":null,"object_id":"3866","object_name":"","item_type":"attachment","item_hash":null,"item_hash_alternative":null,"result_status":"success","processing_level":"normal","is_backed_up":true,"original_size":36980,"final_size":36980,"original_mime_type":"image\/jpeg","final_mime_type":"image\/jpeg","extra_data":"{\"thumbnails_count\":0,\"original_main_size\":36980,\"class\":\"RIO_Attachment_Extra_Data\"}","created_at":1741847435}
13-03-2025 09:30:35 [dev.gi.by][info] Preparing to upload a file (D:/OSPanel-6.0.0/home/dev.gi.by/public/wp-content/uploads/2021/03/80000012-min.jpg) to a remote server (server_2).
13-03-2025 09:30:36 [dev.gi.by][debug] New queue created #1010, attributes values: {"server_id":null,"object_id":"3867","object_name":"","item_type":"attachment","item_hash":null,"item_hash_alternative":null,"result_status":"success","processing_level":"normal","is_backed_up":true,"original_size":21441,"final_size":21441,"original_mime_type":"image\/jpeg","final_mime_type":"image\/jpeg","extra_data":"{\"thumbnails_count\":0,\"original_main_size\":21441,\"class\":\"RIO_Attachment_Extra_Data\"}","created_at":1741847436}
13-03-2025 09:30:36 [dev.gi.by][info] Preparing to upload a file (D:/OSPanel-6.0.0/home/dev.gi.by/public/wp-content/uploads/2021/03/033-001-min.jpg) to a remote server (server_2).
13-03-2025 09:30:37 [dev.gi.by][debug] New queue created #1011, attributes values: {"server_id":null,"object_id":"3868","object_name":"","item_type":"attachment","item_hash":null,"item_hash_alternative":null,"result_status":"success","processing_level":"normal","is_backed_up":true,"original_size":111954,"final_size":111954,"original_mime_type":"image\/jpeg","final_mime_type":"image\/jpeg","extra_data":"{\"thumbnails_count\":0,\"original_main_size\":111954,\"class\":\"RIO_Attachment_Extra_Data\"}","created_at":1741847437}
13-03-2025 09:30:37 [dev.gi.by][info] End cron job. Scope: media-library
-------------------------------
13-03-2025 09:36:38 [dev.gi.by][info] Start cron job. Scope: media-library
13-03-2025 09:36:38 [dev.gi.by][info] Preparing to upload a file (D:/OSPanel-6.0.0/home/dev.gi.by/public/wp-content/uploads/2021/03/032-001-min-1.jpg) to a remote server (server_2).
13-03-2025 09:36:38 [dev.gi.by][debug] New queue created #1012, attributes values: {"server_id":null,"object_id":"3869","object_name":"","item_type":"attachment","item_hash":null,"item_hash_alternative":null,"result_status":"success","processing_level":"normal","is_backed_up":true,"original_size":113522,"final_size":113522,"original_mime_type":"image\/jpeg","final_mime_type":"image\/jpeg","extra_data":"{\"thumbnails_count\":0,\"original_main_size\":113522,\"class\":\"RIO_Attachment_Extra_Data\"}","created_at":1741847798}
13-03-2025 09:36:38 [dev.gi.by][info] Preparing to upload a file (D:/OSPanel-6.0.0/home/dev.gi.by/public/wp-content/uploads/2021/03/033-001-min-1.jpg) to a remote server (server_2).
13-03-2025 09:36:39 [dev.gi.by][debug] New queue created #1013, attributes values: {"server_id":null,"object_id":"3870","object_name":"","item_type":"attachment","item_hash":null,"item_hash_alternative":null,"result_status":"success","processing_level":"normal","is_backed_up":true,"original_size":111954,"final_size":111954,"original_mime_type":"image\/jpeg","final_mime_type":"image\/jpeg","extra_data":"{\"thumbnails_count\":0,\"original_main_size\":111954,\"class\":\"RIO_Attachment_Extra_Data\"}","created_at":1741847799}
13-03-2025 09:36:39 [dev.gi.by][info] Preparing to upload a file (D:/OSPanel-6.0.0/home/dev.gi.by/public/wp-content/uploads/2021/03/80000012-min-1.jpg) to a remote server (server_2).
13-03-2025 09:36:40 [dev.gi.by][debug] New queue created #1014, attributes values: {"server_id":null,"object_id":"3871","object_name":"","item_type":"attachment","item_hash":null,"item_hash_alternative":null,"result_status":"success","processing_level":"normal","is_backed_up":true,"original_size":21441,"final_size":21441,"original_mime_type":"image\/jpeg","final_mime_type":"image\/jpeg","extra_data":"{\"thumbnails_count\":0,\"original_main_size\":21441,\"class\":\"RIO_Attachment_Extra_Data\"}","created_at":1741847800}
13-03-2025 09:36:40 [dev.gi.by][info] End cron job. Scope: media-library
-------------------------------
13-03-2025 09:40:40 [dev.gi.by][info] Start cron job. Scope: media-library
13-03-2025 09:40:40 [dev.gi.by][info] Preparing to upload a file (D:/OSPanel-6.0.0/home/dev.gi.by/public/wp-content/uploads/2021/03/80000025-min-1.jpg) to a remote server (server_2).
13-03-2025 09:40:40 [dev.gi.by][debug] New queue created #1015, attributes values: {"server_id":null,"object_id":"3872","object_name":"","item_type":"attachment","item_hash":null,"item_hash_alternative":null,"result_status":"success","processing_level":"normal","is_backed_up":true,"original_size":36980,"final_size":36980,"original_mime_type":"image\/jpeg","final_mime_type":"image\/jpeg","extra_data":"{\"thumbnails_count\":0,\"original_main_size\":36980,\"class\":\"RIO_Attachment_Extra_Data\"}","created_at":1741848040}
13-03-2025 09:40:40 [dev.gi.by][info] Preparing to upload a file (D:/OSPanel-6.0.0/home/dev.gi.by/public/wp-content/uploads/2021/03/к.jpg) to a remote server (server_2).
13-03-2025 09:40:41 [dev.gi.by][debug] New queue created #1016, attributes values: {"server_id":null,"object_id":"3930","object_name":"","item_type":"attachment","item_hash":null,"item_hash_alternative":null,"result_status":"success","processing_level":"normal","is_backed_up":true,"original_size":84838,"final_size":84735,"original_mime_type":"image\/jpeg","final_mime_type":"image\/jpeg","extra_data":"{\"thumbnails_count\":0,\"original_main_size\":84838,\"class\":\"RIO_Attachment_Extra_Data\"}","created_at":1741848041}
13-03-2025 09:40:41 [dev.gi.by][info] Preparing to upload a file (D:/OSPanel-6.0.0/home/dev.gi.by/public/wp-content/uploads/2021/03/к-1.jpg) to a remote server (server_2).
13-03-2025 09:40:59 [dev.gi.by][debug] New queue created #1017, attributes values: {"server_id":null,"object_id":"3932","object_name":"","item_type":"attachment","item_hash":null,"item_hash_alternative":null,"result_status":"success","processing_level":"normal","is_backed_up":true,"original_size":84838,"final_size":84735,"original_mime_type":"image\/jpeg","final_mime_type":"image\/jpeg","extra_data":"{\"thumbnails_count\":0,\"original_main_size\":84838,\"class\":\"RIO_Attachment_Extra_Data\"}","created_at":1741848059}
13-03-2025 09:40:59 [dev.gi.by][info] End cron job. Scope: media-library
-------------------------------
13-03-2025 09:46:43 [dev.gi.by][info] Start cron job. Scope: media-library
13-03-2025 09:46:43 [dev.gi.by][info] Preparing to upload a file (D:/OSPanel-6.0.0/home/dev.gi.by/public/wp-content/uploads/2021/03/Rectangle-380.png) to a remote server (server_2).
13-03-2025 09:46:43 [dev.gi.by][debug] New queue created #1018, attributes values: {"server_id":null,"object_id":"3933","object_name":"","item_type":"attachment","item_hash":null,"item_hash_alternative":null,"result_status":"success","processing_level":"normal","is_backed_up":true,"original_size":369,"final_size":131,"original_mime_type":"image\/png","final_mime_type":"image\/png","extra_data":"{\"thumbnails_count\":0,\"original_main_size\":369,\"class\":\"RIO_Attachment_Extra_Data\"}","created_at":1741848403}
13-03-2025 09:46:43 [dev.gi.by][info] Preparing to upload a file (D:/OSPanel-6.0.0/home/dev.gi.by/public/wp-content/uploads/2021/03/image.png) to a remote server (server_2).
13-03-2025 09:46:44 [dev.gi.by][debug] New queue created #1019, attributes values: {"server_id":null,"object_id":"3954","object_name":"","item_type":"attachment","item_hash":null,"item_hash_alternative":null,"result_status":"success","processing_level":"normal","is_backed_up":true,"original_size":125664,"final_size":34092,"original_mime_type":"image\/png","final_mime_type":"image\/png","extra_data":"{\"thumbnails_count\":0,\"original_main_size\":125664,\"class\":\"RIO_Attachment_Extra_Data\"}","created_at":1741848404}
13-03-2025 09:46:44 [dev.gi.by][info] Preparing to upload a file (D:/OSPanel-6.0.0/home/dev.gi.by/public/wp-content/uploads/2021/03/в.png) to a remote server (server_2).
13-03-2025 09:46:45 [dev.gi.by][debug] New queue created #1020, attributes values: {"server_id":null,"object_id":"3955","object_name":"","item_type":"attachment","item_hash":null,"item_hash_alternative":null,"result_status":"success","processing_level":"normal","is_backed_up":true,"original_size":195006,"final_size":81779,"original_mime_type":"image\/png","final_mime_type":"image\/png","extra_data":"{\"thumbnails_count\":0,\"original_main_size\":195006,\"class\":\"RIO_Attachment_Extra_Data\"}","created_at":1741848405}
13-03-2025 09:46:45 [dev.gi.by][info] End cron job. Scope: media-library
-------------------------------
13-03-2025 09:50:45 [dev.gi.by][info] Start cron job. Scope: media-library
13-03-2025 09:50:45 [dev.gi.by][info] Preparing to upload a file (D:/OSPanel-6.0.0/home/dev.gi.by/public/wp-content/uploads/2021/03/image-1.png) to a remote server (server_2).
13-03-2025 09:50:46 [dev.gi.by][debug] New queue created #1021, attributes values: {"server_id":null,"object_id":"3956","object_name":"","item_type":"attachment","item_hash":null,"item_hash_alternative":null,"result_status":"success","processing_level":"normal","is_backed_up":true,"original_size":185775,"final_size":54626,"original_mime_type":"image\/png","final_mime_type":"image\/png","extra_data":"{\"thumbnails_count\":0,\"original_main_size\":185775,\"class\":\"RIO_Attachment_Extra_Data\"}","created_at":1741848646}
13-03-2025 09:50:46 [dev.gi.by][info] Preparing to upload a file (D:/OSPanel-6.0.0/home/dev.gi.by/public/wp-content/uploads/2021/03/2.png) to a remote server (server_2).
13-03-2025 09:50:48 [dev.gi.by][debug] New queue created #1022, attributes values: {"server_id":null,"object_id":"3957","object_name":"","item_type":"attachment","item_hash":null,"item_hash_alternative":null,"result_status":"success","processing_level":"normal","is_backed_up":true,"original_size":195589,"final_size":56034,"original_mime_type":"image\/png","final_mime_type":"image\/png","extra_data":"{\"thumbnails_count\":0,\"original_main_size\":195589,\"class\":\"RIO_Attachment_Extra_Data\"}","created_at":1741848648}
13-03-2025 09:50:48 [dev.gi.by][info] Preparing to upload a file (D:/OSPanel-6.0.0/home/dev.gi.by/public/wp-content/uploads/2021/03/3.png) to a remote server (server_2).
13-03-2025 09:50:49 [dev.gi.by][debug] New queue created #1023, attributes values: {"server_id":null,"object_id":"3958","object_name":"","item_type":"attachment","item_hash":null,"item_hash_alternative":null,"result_status":"success","processing_level":"normal","is_backed_up":true,"original_size":185089,"final_size":69729,"original_mime_type":"image\/png","final_mime_type":"image\/png","extra_data":"{\"thumbnails_count\":0,\"original_main_size\":185089,\"class\":\"RIO_Attachment_Extra_Data\"}","created_at":1741848649}
13-03-2025 09:50:49 [dev.gi.by][info] End cron job. Scope: media-library
-------------------------------
13-03-2025 09:56:48 [dev.gi.by][info] Start cron job. Scope: media-library
13-03-2025 09:56:48 [dev.gi.by][info] Preparing to upload a file (D:/OSPanel-6.0.0/home/dev.gi.by/public/wp-content/uploads/2021/03/к-2.jpg) to a remote server (server_2).
13-03-2025 09:57:16 [dev.gi.by][debug] New queue created #1024, attributes values: {"server_id":null,"object_id":"3965","object_name":"","item_type":"attachment","item_hash":null,"item_hash_alternative":null,"result_status":"success","processing_level":"normal","is_backed_up":true,"original_size":84838,"final_size":84735,"original_mime_type":"image\/jpeg","final_mime_type":"image\/jpeg","extra_data":"{\"thumbnails_count\":0,\"original_main_size\":84838,\"class\":\"RIO_Attachment_Extra_Data\"}","created_at":1741849036}
13-03-2025 09:57:16 [dev.gi.by][info] Preparing to upload a file (D:/OSPanel-6.0.0/home/dev.gi.by/public/wp-content/uploads/2021/03/u_check.png) to a remote server (server_2).
13-03-2025 09:57:16 [dev.gi.by][debug] New queue created #1025, attributes values: {"server_id":null,"object_id":"3968","object_name":"","item_type":"attachment","item_hash":null,"item_hash_alternative":null,"result_status":"success","processing_level":"normal","is_backed_up":true,"original_size":237,"final_size":237,"original_mime_type":"image\/png","final_mime_type":"image\/png","extra_data":"{\"thumbnails_count\":0,\"original_main_size\":237,\"class\":\"RIO_Attachment_Extra_Data\"}","created_at":1741849036}
13-03-2025 09:57:16 [dev.gi.by][info] Preparing to upload a file (D:/OSPanel-6.0.0/home/dev.gi.by/public/wp-content/uploads/2021/03/u_check-1.png) to a remote server (server_2).
13-03-2025 09:57:44 [dev.gi.by][debug] New queue created #1026, attributes values: {"server_id":null,"object_id":"3969","object_name":"","item_type":"attachment","item_hash":null,"item_hash_alternative":null,"result_status":"success","processing_level":"normal","is_backed_up":true,"original_size":237,"final_size":237,"original_mime_type":"image\/png","final_mime_type":"image\/png","extra_data":"{\"thumbnails_count\":0,\"original_main_size\":237,\"class\":\"RIO_Attachment_Extra_Data\"}","created_at":1741849064}
13-03-2025 09:57:44 [dev.gi.by][info] End cron job. Scope: media-library
-------------------------------
13-03-2025 10:00:50 [dev.gi.by][info] Start cron job. Scope: media-library
13-03-2025 10:00:50 [dev.gi.by][info] Preparing to upload a file (D:/OSPanel-6.0.0/home/dev.gi.by/public/wp-content/uploads/2021/03/acorns-acorn-oak-leaves-tree-thumbnail.jpg) to a remote server (server_2).
13-03-2025 10:00:50 [dev.gi.by][debug] New queue created #1027, attributes values: {"server_id":null,"object_id":"4004","object_name":"","item_type":"attachment","item_hash":null,"item_hash_alternative":null,"result_status":"success","processing_level":"normal","is_backed_up":true,"original_size":23795,"final_size":23795,"original_mime_type":"image\/jpeg","final_mime_type":"image\/jpeg","extra_data":"{\"thumbnails_count\":0,\"original_main_size\":23795,\"class\":\"RIO_Attachment_Extra_Data\"}","created_at":1741849250}
13-03-2025 10:00:50 [dev.gi.by][info] Preparing to upload a file (D:/OSPanel-6.0.0/home/dev.gi.by/public/wp-content/uploads/2021/03/acorns-acorn-oak-leaves-tree-thumbnail-min-7.jpg) to a remote server (server_2).
13-03-2025 10:00:51 [dev.gi.by][debug] New queue created #1028, attributes values: {"server_id":null,"object_id":"4006","object_name":"","item_type":"attachment","item_hash":null,"item_hash_alternative":null,"result_status":"success","processing_level":"normal","is_backed_up":true,"original_size":19515,"final_size":19515,"original_mime_type":"image\/jpeg","final_mime_type":"image\/jpeg","extra_data":"{\"thumbnails_count\":0,\"original_main_size\":19515,\"class\":\"RIO_Attachment_Extra_Data\"}","created_at":1741849251}
13-03-2025 10:00:51 [dev.gi.by][info] Preparing to upload a file (D:/OSPanel-6.0.0/home/dev.gi.by/public/wp-content/uploads/2021/03/image-20.png) to a remote server (server_2).
13-03-2025 10:00:52 [dev.gi.by][debug] New queue created #1029, attributes values: {"server_id":null,"object_id":"4032","object_name":"","item_type":"attachment","item_hash":null,"item_hash_alternative":null,"result_status":"success","processing_level":"normal","is_backed_up":true,"original_size":211597,"final_size":142605,"original_mime_type":"image\/png","final_mime_type":"image\/png","extra_data":"{\"thumbnails_count\":0,\"original_main_size\":211597,\"class\":\"RIO_Attachment_Extra_Data\"}","created_at":1741849252}
13-03-2025 10:00:52 [dev.gi.by][info] End cron job. Scope: media-library
-------------------------------
13-03-2025 10:06:53 [dev.gi.by][info] Start cron job. Scope: media-library
13-03-2025 10:06:53 [dev.gi.by][info] Preparing to upload a file (D:/OSPanel-6.0.0/home/dev.gi.by/public/wp-content/uploads/2021/03/Без-имени-1-min.jpg) to a remote server (server_2).
13-03-2025 10:06:53 [dev.gi.by][debug] New queue created #1030, attributes values: {"server_id":null,"object_id":"4090","object_name":"","item_type":"attachment","item_hash":null,"item_hash_alternative":null,"result_status":"success","processing_level":"normal","is_backed_up":true,"original_size":35016,"final_size":35016,"original_mime_type":"image\/jpeg","final_mime_type":"image\/jpeg","extra_data":"{\"thumbnails_count\":0,\"original_main_size\":35016,\"class\":\"RIO_Attachment_Extra_Data\"}","created_at":1741849613}
13-03-2025 10:06:53 [dev.gi.by][info] Preparing to upload a file (D:/OSPanel-6.0.0/home/dev.gi.by/public/wp-content/uploads/2021/03/Без-имени-2-min.jpg) to a remote server (server_2).
13-03-2025 10:06:54 [dev.gi.by][debug] New queue created #1031, attributes values: {"server_id":null,"object_id":"4091","object_name":"","item_type":"attachment","item_hash":null,"item_hash_alternative":null,"result_status":"success","processing_level":"normal","is_backed_up":true,"original_size":86242,"final_size":86242,"original_mime_type":"image\/jpeg","final_mime_type":"image\/jpeg","extra_data":"{\"thumbnails_count\":0,\"original_main_size\":86242,\"class\":\"RIO_Attachment_Extra_Data\"}","created_at":1741849614}
13-03-2025 10:06:54 [dev.gi.by][info] Preparing to upload a file (D:/OSPanel-6.0.0/home/dev.gi.by/public/wp-content/uploads/2021/03/Без-имени-3-min.jpg) to a remote server (server_2).
13-03-2025 10:06:55 [dev.gi.by][debug] New queue created #1032, attributes values: {"server_id":null,"object_id":"4092","object_name":"","item_type":"attachment","item_hash":null,"item_hash_alternative":null,"result_status":"success","processing_level":"normal","is_backed_up":true,"original_size":43013,"final_size":43013,"original_mime_type":"image\/jpeg","final_mime_type":"image\/jpeg","extra_data":"{\"thumbnails_count\":0,\"original_main_size\":43013,\"class\":\"RIO_Attachment_Extra_Data\"}","created_at":1741849615}
13-03-2025 10:06:55 [dev.gi.by][info] End cron job. Scope: media-library
-------------------------------
13-03-2025 10:10:55 [dev.gi.by][info] Start cron job. Scope: media-library
13-03-2025 10:10:55 [dev.gi.by][info] Preparing to upload a file (D:/OSPanel-6.0.0/home/dev.gi.by/public/wp-content/uploads/2021/03/white-oak.jpg) to a remote server (server_2).
13-03-2025 10:10:55 [dev.gi.by][debug] New queue created #1033, attributes values: {"server_id":null,"object_id":"4094","object_name":"","item_type":"attachment","item_hash":null,"item_hash_alternative":null,"result_status":"success","processing_level":"normal","is_backed_up":true,"original_size":79246,"final_size":79206,"original_mime_type":"image\/jpeg","final_mime_type":"image\/jpeg","extra_data":"{\"thumbnails_count\":0,\"original_main_size\":79246,\"class\":\"RIO_Attachment_Extra_Data\"}","created_at":1741849855}
13-03-2025 10:10:55 [dev.gi.by][info] Preparing to upload a file (D:/OSPanel-6.0.0/home/dev.gi.by/public/wp-content/uploads/2021/03/white-oak-1.jpg) to a remote server (server_2).
13-03-2025 10:11:15 [dev.gi.by][debug] New queue created #1034, attributes values: {"server_id":null,"object_id":"4096","object_name":"","item_type":"attachment","item_hash":null,"item_hash_alternative":null,"result_status":"success","processing_level":"normal","is_backed_up":true,"original_size":79246,"final_size":79206,"original_mime_type":"image\/jpeg","final_mime_type":"image\/jpeg","extra_data":"{\"thumbnails_count\":0,\"original_main_size\":79246,\"class\":\"RIO_Attachment_Extra_Data\"}","created_at":1741849875}
13-03-2025 10:11:15 [dev.gi.by][info] Preparing to upload a file (D:/OSPanel-6.0.0/home/dev.gi.by/public/wp-content/uploads/2021/03/acorns-acorn-oak-leaves-tree-thumbnail-1.jpg) to a remote server (server_2).
13-03-2025 10:11:31 [dev.gi.by][debug] New queue created #1035, attributes values: {"server_id":null,"object_id":"4097","object_name":"","item_type":"attachment","item_hash":null,"item_hash_alternative":null,"result_status":"success","processing_level":"normal","is_backed_up":true,"original_size":23795,"final_size":23795,"original_mime_type":"image\/jpeg","final_mime_type":"image\/jpeg","extra_data":"{\"thumbnails_count\":0,\"original_main_size\":23795,\"class\":\"RIO_Attachment_Extra_Data\"}","created_at":1741849891}
13-03-2025 10:11:31 [dev.gi.by][info] End cron job. Scope: media-library
-------------------------------
13-03-2025 10:16:58 [dev.gi.by][info] Start cron job. Scope: media-library
13-03-2025 10:16:58 [dev.gi.by][info] Preparing to upload a file (D:/OSPanel-6.0.0/home/dev.gi.by/public/wp-content/uploads/2021/03/ash.jpg) to a remote server (server_2).
13-03-2025 10:16:58 [dev.gi.by][debug] New queue created #1036, attributes values: {"server_id":null,"object_id":"4099","object_name":"","item_type":"attachment","item_hash":null,"item_hash_alternative":null,"result_status":"success","processing_level":"normal","is_backed_up":true,"original_size":91494,"final_size":91494,"original_mime_type":"image\/jpeg","final_mime_type":"image\/jpeg","extra_data":"{\"thumbnails_count\":0,\"original_main_size\":91494,\"class\":\"RIO_Attachment_Extra_Data\"}","created_at":1741850218}
13-03-2025 10:16:58 [dev.gi.by][info] Preparing to upload a file (D:/OSPanel-6.0.0/home/dev.gi.by/public/wp-content/uploads/2021/03/Без-имени-3-min-1.jpg) to a remote server (server_2).
13-03-2025 10:17:27 [dev.gi.by][debug] New queue created #1037, attributes values: {"server_id":null,"object_id":"4100","object_name":"","item_type":"attachment","item_hash":null,"item_hash_alternative":null,"result_status":"success","processing_level":"normal","is_backed_up":true,"original_size":43013,"final_size":43013,"original_mime_type":"image\/jpeg","final_mime_type":"image\/jpeg","extra_data":"{\"thumbnails_count\":0,\"original_main_size\":43013,\"class\":\"RIO_Attachment_Extra_Data\"}","created_at":1741850247}
13-03-2025 10:17:27 [dev.gi.by][info] Preparing to upload a file (D:/OSPanel-6.0.0/home/dev.gi.by/public/wp-content/uploads/2021/03/white-oak-2.jpg) to a remote server (server_2).
13-03-2025 10:17:53 [dev.gi.by][debug] New queue created #1038, attributes values: {"server_id":null,"object_id":"4101","object_name":"","item_type":"attachment","item_hash":null,"item_hash_alternative":null,"result_status":"success","processing_level":"normal","is_backed_up":true,"original_size":79246,"final_size":79206,"original_mime_type":"image\/jpeg","final_mime_type":"image\/jpeg","extra_data":"{\"thumbnails_count\":0,\"original_main_size\":79246,\"class\":\"RIO_Attachment_Extra_Data\"}","created_at":1741850273}
13-03-2025 10:17:54 [dev.gi.by][info] End cron job. Scope: media-library
-------------------------------
13-03-2025 10:21:00 [dev.gi.by][info] Start cron job. Scope: media-library
13-03-2025 10:21:00 [dev.gi.by][info] Preparing to upload a file (D:/OSPanel-6.0.0/home/dev.gi.by/public/wp-content/uploads/2021/03/acorns-acorn-oak-leaves-tree-thumbnail-2.jpg) to a remote server (server_2).
13-03-2025 10:21:20 [dev.gi.by][debug] New queue created #1039, attributes values: {"server_id":null,"object_id":"4102","object_name":"","item_type":"attachment","item_hash":null,"item_hash_alternative":null,"result_status":"success","processing_level":"normal","is_backed_up":true,"original_size":23795,"final_size":23795,"original_mime_type":"image\/jpeg","final_mime_type":"image\/jpeg","extra_data":"{\"thumbnails_count\":0,\"original_main_size\":23795,\"class\":\"RIO_Attachment_Extra_Data\"}","created_at":1741850480}
13-03-2025 10:21:20 [dev.gi.by][info] Preparing to upload a file (D:/OSPanel-6.0.0/home/dev.gi.by/public/wp-content/uploads/2021/03/ash-1.jpg) to a remote server (server_2).
13-03-2025 10:21:41 [dev.gi.by][debug] New queue created #1040, attributes values: {"server_id":null,"object_id":"4104","object_name":"","item_type":"attachment","item_hash":null,"item_hash_alternative":null,"result_status":"success","processing_level":"normal","is_backed_up":true,"original_size":91494,"final_size":91494,"original_mime_type":"image\/jpeg","final_mime_type":"image\/jpeg","extra_data":"{\"thumbnails_count\":0,\"original_main_size\":91494,\"class\":\"RIO_Attachment_Extra_Data\"}","created_at":1741850501}
13-03-2025 10:21:41 [dev.gi.by][info] Preparing to upload a file (D:/OSPanel-6.0.0/home/dev.gi.by/public/wp-content/uploads/2021/03/Без-имени-3-min-2.jpg) to a remote server (server_2).
13-03-2025 10:22:11 [dev.gi.by][debug] New queue created #1041, attributes values: {"server_id":null,"object_id":"4105","object_name":"","item_type":"attachment","item_hash":null,"item_hash_alternative":null,"result_status":"success","processing_level":"normal","is_backed_up":true,"original_size":43013,"final_size":43013,"original_mime_type":"image\/jpeg","final_mime_type":"image\/jpeg","extra_data":"{\"thumbnails_count\":0,\"original_main_size\":43013,\"class\":\"RIO_Attachment_Extra_Data\"}","created_at":1741850531}
13-03-2025 10:22:11 [dev.gi.by][info] End cron job. Scope: media-library
-------------------------------
13-03-2025 10:27:03 [dev.gi.by][info] Start cron job. Scope: media-library
13-03-2025 10:27:03 [dev.gi.by][info] Preparing to upload a file (D:/OSPanel-6.0.0/home/dev.gi.by/public/wp-content/uploads/2021/03/Без-имени-3-min-3.jpg) to a remote server (server_2).
13-03-2025 10:27:03 [dev.gi.by][debug] New queue created #1042, attributes values: {"server_id":null,"object_id":"4107","object_name":"","item_type":"attachment","item_hash":null,"item_hash_alternative":null,"result_status":"success","processing_level":"normal","is_backed_up":true,"original_size":108241,"final_size":36032,"original_mime_type":"image\/jpeg","final_mime_type":"image\/jpeg","extra_data":"{\"thumbnails_count\":0,\"original_main_size\":108241,\"class\":\"RIO_Attachment_Extra_Data\"}","created_at":1741850823}
13-03-2025 10:27:03 [dev.gi.by][info] Preparing to upload a file (D:/OSPanel-6.0.0/home/dev.gi.by/public/wp-content/uploads/2021/03/Без-имени-4.jpg) to a remote server (server_2).
13-03-2025 10:27:04 [dev.gi.by][debug] New queue created #1043, attributes values: {"server_id":null,"object_id":"4109","object_name":"","item_type":"attachment","item_hash":null,"item_hash_alternative":null,"result_status":"success","processing_level":"normal","is_backed_up":true,"original_size":181761,"final_size":62394,"original_mime_type":"image\/jpeg","final_mime_type":"image\/jpeg","extra_data":"{\"thumbnails_count\":0,\"original_main_size\":181761,\"class\":\"RIO_Attachment_Extra_Data\"}","created_at":1741850824}
13-03-2025 10:27:04 [dev.gi.by][info] Preparing to upload a file (D:/OSPanel-6.0.0/home/dev.gi.by/public/wp-content/uploads/2021/03/Без-имени-6.jpg) to a remote server (server_2).
13-03-2025 10:27:05 [dev.gi.by][debug] New queue created #1044, attributes values: {"server_id":null,"object_id":"4111","object_name":"","item_type":"attachment","item_hash":null,"item_hash_alternative":null,"result_status":"success","processing_level":"normal","is_backed_up":true,"original_size":148553,"final_size":42170,"original_mime_type":"image\/jpeg","final_mime_type":"image\/jpeg","extra_data":"{\"thumbnails_count\":0,\"original_main_size\":148553,\"class\":\"RIO_Attachment_Extra_Data\"}","created_at":1741850825}
13-03-2025 10:27:05 [dev.gi.by][info] End cron job. Scope: media-library
-------------------------------
13-03-2025 10:31:05 [dev.gi.by][info] Start cron job. Scope: media-library
13-03-2025 10:31:05 [dev.gi.by][info] Preparing to upload a file (D:/OSPanel-6.0.0/home/dev.gi.by/public/wp-content/uploads/2021/03/Без-имени-3-min-4.jpg) to a remote server (server_2).
13-03-2025 10:31:35 [dev.gi.by][debug] New queue created #1045, attributes values: {"server_id":null,"object_id":"4113","object_name":"","item_type":"attachment","item_hash":null,"item_hash_alternative":null,"result_status":"success","processing_level":"normal","is_backed_up":true,"original_size":108241,"final_size":36032,"original_mime_type":"image\/jpeg","final_mime_type":"image\/jpeg","extra_data":"{\"thumbnails_count\":0,\"original_main_size\":108241,\"class\":\"RIO_Attachment_Extra_Data\"}","created_at":1741851095}
13-03-2025 10:31:35 [dev.gi.by][info] Preparing to upload a file (D:/OSPanel-6.0.0/home/dev.gi.by/public/wp-content/uploads/2021/03/Без-имени-5.jpg) to a remote server (server_2).
13-03-2025 10:31:36 [dev.gi.by][debug] New queue created #1046, attributes values: {"server_id":null,"object_id":"4114","object_name":"","item_type":"attachment","item_hash":null,"item_hash_alternative":null,"result_status":"success","processing_level":"normal","is_backed_up":true,"original_size":188772,"final_size":71444,"original_mime_type":"image\/jpeg","final_mime_type":"image\/jpeg","extra_data":"{\"thumbnails_count\":0,\"original_main_size\":188772,\"class\":\"RIO_Attachment_Extra_Data\"}","created_at":1741851096}
13-03-2025 10:31:36 [dev.gi.by][info] Preparing to upload a file (D:/OSPanel-6.0.0/home/dev.gi.by/public/wp-content/uploads/2021/03/Без-имени-3-min-5.jpg) to a remote server (server_2).
13-03-2025 10:32:00 [dev.gi.by][debug] New queue created #1047, attributes values: {"server_id":null,"object_id":"4115","object_name":"","item_type":"attachment","item_hash":null,"item_hash_alternative":null,"result_status":"success","processing_level":"normal","is_backed_up":true,"original_size":108241,"final_size":36032,"original_mime_type":"image\/jpeg","final_mime_type":"image\/jpeg","extra_data":"{\"thumbnails_count\":0,\"original_main_size\":108241,\"class\":\"RIO_Attachment_Extra_Data\"}","created_at":1741851120}
13-03-2025 10:32:00 [dev.gi.by][info] End cron job. Scope: media-library
-------------------------------
13-03-2025 10:37:08 [dev.gi.by][info] Start cron job. Scope: media-library
13-03-2025 10:37:08 [dev.gi.by][info] Preparing to upload a file (D:/OSPanel-6.0.0/home/dev.gi.by/public/wp-content/uploads/2021/03/Group-5.png) to a remote server (server_2).
13-03-2025 10:37:09 [dev.gi.by][debug] New queue created #1048, attributes values: {"server_id":null,"object_id":"4120","object_name":"","item_type":"attachment","item_hash":null,"item_hash_alternative":null,"result_status":"success","processing_level":"normal","is_backed_up":true,"original_size":145696,"final_size":65986,"original_mime_type":"image\/png","final_mime_type":"image\/png","extra_data":"{\"thumbnails_count\":0,\"original_main_size\":145696,\"class\":\"RIO_Attachment_Extra_Data\"}","created_at":1741851429}
13-03-2025 10:37:09 [dev.gi.by][info] Preparing to upload a file (D:/OSPanel-6.0.0/home/dev.gi.by/public/wp-content/uploads/2021/03/Group-5-1.png) to a remote server (server_2).
13-03-2025 10:37:10 [dev.gi.by][debug] New queue created #1049, attributes values: {"server_id":null,"object_id":"4122","object_name":"","item_type":"attachment","item_hash":null,"item_hash_alternative":null,"result_status":"success","processing_level":"normal","is_backed_up":true,"original_size":145982,"final_size":66378,"original_mime_type":"image\/png","final_mime_type":"image\/png","extra_data":"{\"thumbnails_count\":0,\"original_main_size\":145982,\"class\":\"RIO_Attachment_Extra_Data\"}","created_at":1741851430}
13-03-2025 10:37:10 [dev.gi.by][info] Preparing to upload a file (D:/OSPanel-6.0.0/home/dev.gi.by/public/wp-content/uploads/2021/03/Group-6.png) to a remote server (server_2).
13-03-2025 10:37:11 [dev.gi.by][debug] New queue created #1050, attributes values: {"server_id":null,"object_id":"4125","object_name":"","item_type":"attachment","item_hash":null,"item_hash_alternative":null,"result_status":"success","processing_level":"normal","is_backed_up":true,"original_size":160445,"final_size":66606,"original_mime_type":"image\/png","final_mime_type":"image\/png","extra_data":"{\"thumbnails_count\":0,\"original_main_size\":160445,\"class\":\"RIO_Attachment_Extra_Data\"}","created_at":1741851431}
13-03-2025 10:37:11 [dev.gi.by][info] End cron job. Scope: media-library
-------------------------------